フシギダネ,45,49,49,65,65,45,しんりょく,,1:7,くさ/どく
フシギソウ,60,62,63,80,80,60,しんりょく,,1:7,くさ/どく
フシギバナ,80,82,83,100,100,80,しんりょく,,1:7,くさ/どく
ヒトカゲ,39,52,43,60,50,65,もうか,,1:7,ほのお
リザード,58,64,58,80,65,80,もうか,,1:7,ほのお
リザードン,78,84,78,109,85,100,もうか,,1:7,ほのお/ひこう
ゼニガメ,44,48,65,50,64,43,げきりゅう,,1:7,みず
カメール,59,63,80,65,80,58,げきりゅう,,1:7,みず
カメックス,79,83,100,85,105,78,げきりゅう,,1:7,みず
キャタピー,45,30,35,20,20,45,りんぷん,,1:1,むし
トランセル,50,20,55,25,25,30,だっぴ,,1:1,むし
バタフリー,60,45,50,80,80,70,ふくがん,,1:1,むし/ひこう
ビードル,40,35,30,20,20,50,りんぷん,,1:1,むし/どく
コクーン,45,25,50,25,25,35,だっぴ,,1:1,むし/どく
スピアー,65,80,40,45,80,75,むしのしらせ,,1:1,むし/どく
ポッポ,40,45,40,35,35,56,するどいめ,ちどりあし,1:1,ノーマル/ひこう
ピジョン,63,60,55,50,50,71,するどいめ,ちどりあし,1:1,ノーマル/ひこう
ピジョット,83,80,75,70,70,91,するどいめ,ちどりあし,1:1,ノーマル/ひこう
コラッタ,30,56,35,25,35,72,にげあし,こんじょう,1:1,ノーマル
ラッタ,55,81,60,50,70,97,にげあし,こんじょう,1:1,ノーマル
オニスズメ,40,60,30,31,31,70,するどいめ,,1:1,ノーマル/ひこう
オニドリル,65,90,65,61,61,100,するどいめ,,1:1,ノーマル/ひこう
アーボ,35,60,44,40,54,55,いかく,だっぴ,1:1,どく
アーボック,60,85,69,65,79,80,いかく,だっぴ,1:1,どく
ピカチュウ,35,55,30,50,40,90,せいでんき,,1:1,でんき
ライチュウ,60,90,55,90,80,100,せいでんき,,1:1,でんき
サンド,50,75,85,20,30,40,すながくれ,,1:1,じめん
サンドパン,75,100,110,45,55,65,すながくれ,,1:1,じめん
ニドラン♀,55,47,52,40,40,41,どくのトゲ,とうそうしん,♀のみ,どく
ニドリーナ,70,62,67,55,55,56,どくのトゲ,とうそうしん,♀のみ,どく
ニドクイン,90,82,87,75,85,76,どくのトゲ,とうそうしん,♀のみ,どく/じめん
ニドラン♂,46,57,40,40,40,50,どくのトゲ,とうそうしん,♂のみ,どく
ニドリーノ,61,72,57,55,55,65,どくのトゲ,とうそうしん,♂のみ,どく
ニドキング,81,92,77,85,75,85,どくのトゲ,とうそうしん,♂のみ,どく/じめん
ピッピ,70,45,48,60,65,35,メロメロボディ,マジックガード,3:1,ノーマル
ピクシー,95,70,73,85,90,60,メロメロボディ,マジックガード,3:1,ノーマル
ロコン,38,41,40,50,65,65,もらいび,,3:1,ほのお
キュウコン,73,76,75,81,100,100,もらいび,,3:1,ほのお
プリン,115,45,20,45,25,20,メロメロボディ,,3:1,ノーマル
プクリン,140,70,45,75,50,45,メロメロボディ,,3:1,ノーマル
ズバット,40,45,35,30,40,55,せいしんりょく,,1:1,どく/ひこう
ゴルバット,75,80,70,65,75,90,せいしんりょく,,1:1,どく/ひこう
ナゾノクサ,45,50,55,75,65,30,ようりょくそ,,1:1,くさ/どく
クサイハナ,60,65,70,85,75,40,ようりょくそ,,1:1,くさ/どく
ラフレシア,75,80,85,100,90,50,ようりょくそ,,1:1,くさ/どく
パラス,35,70,55,45,55,25,ほうし,かんそうはだ,1:1,むし/くさ
パラセクト,60,95,80,60,80,30,ほうし,かんそうはだ,1:1,むし/くさ
コンパン,60,55,50,40,55,45,ふくがん,いろめがね,1:1,むし/どく
モルフォン,70,65,60,90,75,90,りんぷん,いろめがね,1:1,むし/どく
ディグダ,10,55,25,35,45,95,すながくれ,ありじごく,1:1,じめん
ダグトリオ,35,80,50,50,70,120,すながくれ,ありじごく,1:1,じめん
ニャース,40,45,35,40,40,90,ものひろい,テクニシャン,1:1,ノーマル
ペルシアン,65,70,60,65,65,115,じゅうなん,テクニシャン,1:1,ノーマル
コダック,50,52,48,65,50,55,しめりけ,ノーてんき,1:1,みず
ゴルダック,80,82,78,95,80,85,しめりけ,ノーてんき,1:1,みず
マンキー,40,80,35,35,45,70,やるき,いかりのつぼ,1:1,かくとう
オコリザル,65,105,60,60,70,95,やるき,いかりのつぼ,1:1,かくとう
ガーディ,55,70,45,70,50,60,いかく,もらいび,1:3,ほのお
ウインディ,90,110,80,100,80,95,いかく,もらいび,1:3,ほのお
ニョロモ,40,50,40,40,40,90,ちょすい,しめりけ,1:1,みず
ニョロゾ,65,65,65,50,50,90,ちょすい,しめりけ,1:1,みず
ニョロボン,90,85,95,70,90,70,ちょすい,しめりけ,1:1,みず/かくとう
ケーシィ,25,20,15,105,55,90,シンクロ,せいしんりょく,1:3,エスパー
ユンゲラー,40,35,30,120,70,105,シンクロ,せいしんりょく,1:3,エスパー
フーディン,55,50,45,135,85,120,シンクロ,せいしんりょく,1:3,エスパー
ワンリキー,70,80,50,35,35,35,こんじょう,ノーガード,1:3,かくとう
ゴーリキー,80,100,70,50,60,45,こんじょう,ノーガード,1:3,かくとう
カイリキー,90,130,80,65,85,55,こんじょう,ノーガード,1:3,かくとう
マダツボミ,50,75,35,70,30,40,ようりょくそ,,1:1,くさ/どく
ウツドン,65,90,50,85,45,55,ようりょくそ,,1:1,くさ/どく
ウツボット,80,105,65,100,60,70,ようりょくそ,,1:1,くさ/どく
メノクラゲ,40,40,35,50,100,70,クリアボディ,ヘドロえき,1:1,みず/どく
ドククラゲ,80,70,65,80,120,100,クリアボディ,ヘドロえき,1:1,みず/どく
イシツブテ,40,80,100,30,30,20,いしあたま,がんじょう,1:1,いわ/じめん
ゴローン,55,95,115,45,45,35,いしあたま,がんじょう,1:1,いわ/じめん
ゴローニャ,80,110,130,55,65,45,いしあたま,がんじょう,1:1,いわ/じめん
ポニータ,50,85,55,65,65,90,にげあし,もらいび,1:1,ほのお
ギャロップ,65,100,70,80,80,105,にげあし,もらいび,1:1,ほのお
ヤドン,90,65,65,40,40,15,どんかん,マイペース,1:1,みず/エスパー
ヤドラン,95,75,110,100,80,30,どんかん,マイペース,1:1,みず/エスパー
コイル,25,35,70,95,55,45,じりょく,がんじょう,ふめい,でんき/はがね
レアコイル,50,60,95,120,70,70,じりょく,がんじょう,ふめい,でんき/はがね
カモネギ,52,65,55,58,62,60,するどいめ,せいしんりょく,1:1,ノーマル/ひこう
ドードー,35,85,45,35,35,75,にげあし,はやおき,1:1,ノーマル/ひこう
ドードリオ,60,110,70,60,60,100,にげあし,はやおき,1:1,ノーマル/ひこう
パウワウ,65,45,55,45,70,45,あついしぼう,うるおいボディ,1:1,みず
ジュゴン,90,70,80,70,95,70,あついしぼう,うるおいボディ,1:1,みず/こおり
ベトベター,80,80,50,40,50,25,あくしゅう,ねんちゃく,1:1,どく
ベトベトン,105,105,75,65,100,50,あくしゅう,ねんちゃく,1:1,どく
シェルダー,30,65,100,45,25,40,シェルアーマー,スキルリンク,1:1,みず
パルシェン,50,95,180,85,45,70,シェルアーマー,スキルリンク,1:1,みず/こおり
ゴース,30,35,30,100,35,80,ふゆう,,1:1,ゴースト/どく
ゴースト,45,50,45,115,55,95,ふゆう,,1:1,ゴースト/どく
ゲンガー,60,65,60,130,75,110,ふゆう,,1:1,ゴースト/どく
イワーク,35,45,160,30,45,70,いしあたま,がんじょう,1:1,いわ/じめん
スリープ,60,48,45,43,90,42,ふみん,よちむ,1:1,エスパー
スリーパー,85,73,70,73,115,67,ふみん,よちむ,1:1,エスパー
クラブ,30,105,90,25,25,50,かいりきバサミ,シェルアーマー,1:1,みず
キングラー,55,130,115,50,50,75,かいりきバサミ,シェルアーマー,1:1,みず
ビリリダマ,40,30,50,55,55,100,ぼうおん,せいでんき,ふめい,でんき
マルマイン,60,50,70,80,80,140,ぼうおん,せいでんき,ふめい,でんき
タマタマ,60,40,80,60,45,40,ようりょくそ,,1:1,くさ/エスパー
ナッシー,95,95,85,125,65,55,ようりょくそ,,1:1,くさ/エスパー
カラカラ,50,50,95,40,50,35,いしあたま,ひらいしん,1:1,じめん
ガラガラ,60,80,110,50,80,45,いしあたま,ひらいしん,1:1,じめん
サワムラー,50,120,53,35,110,87,じゅうなん,すてみ,♂のみ,かくとう
エビワラー,50,105,79,35,110,76,するどいめ,てつのこぶし,♂のみ,かくとう
ベロリンガ,90,55,75,60,75,30,マイペース,どんかん,1:1,ノーマル
ドガース,40,65,95,60,45,35,ふゆう,,1:1,どく
マタドガス,65,90,120,85,70,60,ふゆう,,1:1,どく
サイホーン,80,85,95,30,30,25,ひらいしん,いしあたま,1:1,じめん/いわ
サイドン,105,130,120,45,45,40,ひらいしん,いしあたま,1:1,じめん/いわ
ラッキー,250,5,5,35,105,50,しぜんかいふく,てんのめぐみ,♀のみ,ノーマル
モンジャラ,65,55,115,100,40,60,ようりょくそ,リーフガード,1:1,くさ
ガルーラ,105,95,80,40,80,90,はやおき,きもったま,♀のみ,ノーマル
タッツー,30,40,70,70,25,60,すいすい,スナイパー,1:1,みず
シードラ,55,65,95,95,45,85,どくのトゲ,スナイパー,1:1,みず
トサキント,45,67,60,35,50,63,すいすい,みずのベール,1:1,みず
アズマオウ,80,92,65,65,80,68,すいすい,みずのベール,1:1,みず
ヒトデマン,30,45,55,70,55,85,はっこう,しぜんかいふく,ふめい,みず
スターミー,60,75,85,100,85,115,はっこう,しぜんかいふく,ふめい,みず/エスパー
バリヤード,40,45,65,100,120,90,ぼうおん,フィルター,1:1,エスパー
ストライク,70,110,80,55,80,105,むしのしらせ,テクニシャン,1:1,むし/ひこう
ルージュラ,65,50,35,115,95,95,どんかん,よちむ,♀のみ,こおり/エスパー
エレブー,65,83,57,95,85,105,せいでんき,,1:3,でんき
ブーバー,65,95,57,100,85,93,ほのおのからだ,,1:3,ほのお
カイロス,65,125,100,55,70,85,かいりきバサミ,かたやぶり,1:1,むし
ケンタロス,75,100,95,40,70,110,いかく,いかりのつぼ,♂のみ,ノーマル
コイキング,20,10,55,15,20,80,すいすい,,1:1,みず
ギャラドス,95,125,79,60,100,81,いかく,,1:1,みず/ひこう
ラプラス,130,85,80,85,95,60,ちょすい,シェルアーマー,1:1,みず/こおり
メタモン,48,48,48,48,48,48,じゅうなん,,ふめい,ノーマル
イーブイ,55,55,50,45,65,55,にげあし,てきおうりょく,1:7,ノーマル
シャワーズ,130,65,60,110,95,65,ちょすい,,1:7,みず
サンダース,65,65,60,110,95,130,ちくでん,,1:7,でんき
ブースター,65,130,60,95,110,65,もらいび,,1:7,ほのお
ポリゴン,65,60,70,85,75,40,トレース,ダウンロード,ふめい,ノーマル
オムナイト,35,40,100,90,55,35,すいすい,シェルアーマー,1:7,いわ/みず
オムスター,70,60,125,115,70,55,すいすい,シェルアーマー,1:7,いわ/みず
カブト,30,80,90,55,45,55,すいすい,カブトアーマー,1:7,いわ/みず
カブトプス,60,115,105,65,70,80,すいすい,カブトアーマー,1:7,いわ/みず
プテラ,80,105,65,60,75,130,いしあたま,プレッシャー,1:7,いわ/ひこう
カビゴン,160,110,65,65,110,30,めんえき,あついしぼう,1:7,ノーマル
フリーザー,90,85,100,95,125,85,プレッシャー,,ふめい,こおり/ひこう
サンダー,90,90,85,125,90,100,プレッシャー,,ふめい,でんき/ひこう
ファイヤー,90,100,90,125,85,90,プレッシャー,,ふめい,ほのお/ひこう
ミニリュウ,41,64,45,50,50,50,だっぴ,,1:1,ドラゴン
ハクリュー,61,84,65,70,70,70,だっぴ,,1:1,ドラゴン
カイリュー,91,134,95,100,100,80,せいしんりょく,,1:1,ドラゴン/ひこう
ミュウツー,106,110,90,154,90,130,プレッシャー,,ふめい,エスパー
ミュウ,100,100,100,100,100,100,シンクロ,,ふめい,エスパー
チコリータ,45,49,65,49,65,45,しんりょく,,1:7,くさ
ベイリーフ,60,62,80,63,80,60,しんりょく,,1:7,くさ
メガニウム,80,82,100,83,100,80,しんりょく,,1:7,くさ
ヒノアラシ,39,52,43,60,50,65,もうか,,1:7,ほのお
マグマラシ,58,64,58,80,65,80,もうか,,1:7,ほのお
バクフーン,78,84,78,109,85,100,もうか,,1:7,ほのお
ワニノコ,50,65,64,44,48,43,げきりゅう,,1:7,みず
アリゲイツ,65,80,80,59,63,58,げきりゅう,,1:7,みず
オーダイル,85,105,100,79,83,78,げきりゅう,,1:7,みず
オタチ,35,46,34,35,45,20,にげあし,するどいめ,1:1,ノーマル
オオタチ,85,76,64,45,55,90,にげあし,するどいめ,1:1,ノーマル
ホーホー,60,30,30,36,56,50,ふみん,するどいめ,1:1,ノーマル/ひこう
ヨルノズク,100,50,50,76,96,70,ふみん,するどいめ,1:1,ノーマル/ひこう
レディバ,40,20,30,40,80,55,むしのしらせ,はやおき,1:1,むし/ひこう
レディアン,55,35,50,55,110,85,むしのしらせ,はやおき,1:1,むし/ひこう
イトマル,40,60,40,40,40,30,むしのしらせ,ふみん,1:1,むし/どく
アリアドス,70,90,70,60,60,40,むしのしらせ,ふみん,1:1,むし/どく
クロバット,85,90,80,70,80,130,せいしんりょく,,1:1,どく/ひこう
チョンチー,75,38,38,56,56,67,ちくでん,はっこう,1:1,みず/でんき
ランターン,125,58,58,76,76,67,ちくでん,はっこう,1:1,みず/でんき
ピチュー,20,40,15,35,35,60,せいでんき,,1:1,でんき
ピィ,50,25,28,45,55,15,メロメロボディ,マジックガード,3:1,ノーマル
ププリン,90,30,15,40,20,15,メロメロボディ,,3:1,ノーマル
トゲピー,35,20,65,40,65,20,はりきり,てんのめぐみ,1:7,ノーマル
トゲチック,55,40,85,80,105,40,はりきり,てんのめぐみ,1:7,ノーマル/ひこう
ネイティ,40,50,45,70,45,70,シンクロ,はやおき,1:1,エスパー/ひこう
ネイティオ,65,75,70,95,70,95,シンクロ,はやおき,1:1,エスパー/ひこう
メリープ,55,40,40,65,45,35,せいでんき,,1:1,でんき
モココ,70,55,55,80,60,45,せいでんき,,1:1,でんき
デンリュウ,90,75,75,115,90,55,せいでんき,,1:1,でんき
キレイハナ,75,80,85,90,100,50,ようりょくそ,,1:1,くさ
マリル,70,20,50,20,50,40,あついしぼう,ちからもち,1:1,みず
マリルリ,100,50,80,50,80,50,あついしぼう,ちからもち,1:1,みず
ウソッキー,70,100,115,30,65,30,がんじょう,いしあたま,1:1,いわ
ニョロトノ,90,75,75,90,100,70,ちょすい,しめりけ,1:1,みず
ハネッコ,35,35,40,35,55,50,ようりょくそ,リーフガード,1:1,くさ/ひこう
ポポッコ,55,45,50,45,65,80,ようりょくそ,リーフガード,1:1,くさ/ひこう
ワタッコ,75,55,70,55,85,110,ようりょくそ,リーフガード,1:1,くさ/ひこう
エイパム,55,70,55,40,55,85,にげあし,ものひろい,1:1,ノーマル
ヒマナッツ,30,30,30,30,30,30,ようりょくそ,サンパワー,1:1,くさ
キマワリ,75,75,55,105,85,30,ようりょくそ,サンパワー,1:1,くさ
ヤンヤンマ,65,65,45,75,45,95,かそく,ふくがん,1:1,むし/ひこう
ウパー,55,45,45,25,25,15,しめりけ,ちょすい,1:1,みず/じめん
ヌオー,95,85,85,65,65,35,しめりけ,ちょすい,1:1,みず/じめん
エーフィ,65,65,60,130,95,110,シンクロ,,1:7,エスパー
ブラッキー,95,65,110,60,130,65,シンクロ,,1:7,あく
ヤミカラス,60,85,42,85,42,91,ふみん,きょううん,1:1,あく/ひこう
ヤドキング,95,75,80,100,110,30,どんかん,マイペース,1:1,みず/エスパー
ムウマ,60,60,60,85,85,85,ふゆう,,1:1,ゴースト
アンノーン,48,72,48,72,48,48,ふゆう,,ふめい,エスパー
ソーナンス,190,33,58,33,58,33,かげふみ,,1:1,エスパー
キリンリキ,70,80,65,90,65,85,せいしんりょく,はやおき,1:1,ノーマル/エスパー
クヌギダマ,50,65,90,35,35,15,がんじょう,,1:1,むし
フォレトス,75,90,140,60,60,40,がんじょう,,1:1,むし/はがね
ノコッチ,100,70,70,65,65,45,てんのめぐみ,にげあし,1:1,ノーマル
グライガー,65,75,105,35,65,85,かいりきバサミ,すながくれ,1:1,じめん/ひこう
ハガネール,75,85,200,55,65,30,いしあたま,がんじょう,1:1,はがね/じめん
ブルー,60,80,50,40,40,30,いかく,にげあし,3:1,ノーマル
グランブル,90,120,75,60,60,45,いかく,はやあし,3:1,ノーマル
ハリーセン,65,95,75,55,55,85,どくのトゲ,すいすい,1:1,みず/どく
ハッサム,70,130,100,55,80,65,むしのしらせ,テクニシャン,1:1,むし/はがね
ツボツボ,20,10,230,10,230,5,がんじょう,くいしんぼう,1:1,むし/いわ
ヘラクロス,80,125,75,40,95,85,むしのしらせ,こんじょう,1:1,むし/かくとう
ニューラ,55,95,55,35,75,115,せいしんりょく,するどいめ,1:1,あく/こおり
ヒメグマ,60,80,50,50,50,40,ものひろい,はやあし,1:1,ノーマル
リングマ,90,130,75,75,75,55,こんじょう,はやあし,1:1,ノーマル
マグマッグ,40,40,40,70,40,20,マグマのよろい,ほのおのからだ,1:1,ほのお
マグカルゴ,50,50,120,80,80,30,マグマのよろい,ほのおのからだ,1:1,ほのお/いわ
ウリムー,50,50,40,30,30,50,どんかん,ゆきがくれ,1:1,こおり/じめん
イノムー,100,100,80,60,60,50,どんかん,ゆきがくれ,1:1,こおり/じめん
サニーゴ,55,55,85,65,85,35,はりきり,しぜんかいふく,3:1,みず/いわ
テッポウオ,35,65,35,65,35,65,はりきり,スナイパー,1:1,みず
オクタン,75,105,75,105,75,45,きゅうばん,スナイパー,1:1,みず
デリバード,45,55,45,65,45,75,やるき,はりきり,1:1,こおり/ひこう
マンタイン,65,40,70,80,140,70,すいすい,ちょすい,1:1,みず/ひこう
エアームド,65,80,140,40,70,70,するどいめ,がんじょう,1:1,はがね/ひこう
デルビル,45,60,30,80,50,65,はやおき,もらいび,1:1,あく/ほのお
ヘルガー,75,90,50,110,80,95,はやおき,もらいび,1:1,あく/ほのお
キングドラ,75,95,95,95,95,85,すいすい,スナイパー,1:1,みず/ドラゴン
ゴマゾウ,90,60,60,40,40,40,ものひろい,,1:1,じめん
ドンファン,90,120,120,60,60,50,がんじょう,,1:1,じめん
ポリゴン2,85,80,90,105,95,60,トレース,ダウンロード,ふめい,ノーマル
オドシシ,73,95,62,85,65,85,いかく,おみとおし,1:1,ノーマル
ドーブル,55,20,35,20,45,75,マイペース,テクニシャン,1:1,ノーマル
バルキー,35,35,35,35,35,35,こんじょう,ふくつのこころ,♂のみ,かくとう
カポエラー,50,95,95,35,110,70,いかく,テクニシャン,♂のみ,かくとう
ムチュール,45,30,15,85,65,65,どんかん,よちむ,♀のみ,こおり/エスパー
エレキッド,45,63,37,65,55,95,せいでんき,,1:3,でんき
ブビィ,45,75,37,70,55,83,ほのおのからだ,,1:3,ほのお
ミルタンク,95,80,105,40,70,100,あついしぼう,きもったま,♀のみ,ノーマル
ハピナス,255,10,10,75,135,55,しぜんかいふく,てんのめぐみ,♀のみ,ノーマル
ライコウ,90,85,75,115,100,115,プレッシャー,,ふめい,でんき
エンテイ,115,115,85,90,75,100,プレッシャー,,ふめい,ほのお
スイクン,100,75,115,90,115,85,プレッシャー,,ふめい,みず
ヨーギラス,50,64,50,45,50,41,こんじょう,,1:1,いわ/じめん
サナギラス,70,84,70,65,70,51,だっぴ,,1:1,いわ/じめん
バンギラス,100,134,110,95,100,61,すなおこし,,1:1,いわ/あく
ルギア,106,90,130,90,154,110,プレッシャー,,ふめい,エスパー/ひこう
ホウオウ,106,130,90,110,154,90,プレッシャー,,ふめい,ほのお/ひこう
セレビィ,100,100,100,100,100,100,しぜんかいふく,,ふめい,エスパー/くさ
キモリ,40,45,35,65,55,70,しんりょく,,1:7,くさ
ジュプトル,50,65,45,85,65,95,しんりょく,,1:7,くさ
ジュカイン,70,85,65,105,85,120,しんりょく,,1:7,くさ
アチャモ,45,60,40,70,50,45,もうか,,1:7,ほのお
ワカシャモ,60,85,60,85,60,55,もうか,,1:7,ほのお/かくとう
バシャーモ,80,120,70,110,70,80,もうか,,1:7,ほのお/かくとう
ミズゴロウ,50,70,50,50,50,40,げきりゅう,,1:7,みず
ヌマクロー,70,85,70,60,70,50,げきりゅう,,1:7,みず/じめん
ラグラージ,100,110,90,85,90,60,げきりゅう,,1:7,みず/じめん
ポチエナ,35,55,35,30,30,35,にげあし,はやあし,1:1,あく
グラエナ,70,90,70,60,60,70,いかく,はやあし,1:1,あく
ジグザグマ,38,30,41,30,41,60,ものひろい,くいしんぼう,1:1,ノーマル
マッスグマ,78,70,61,50,61,100,ものひろい,くいしんぼう,1:1,ノーマル
ケムッソ,45,45,35,20,30,20,りんぷん,,1:1,むし
カラサリス,50,35,55,25,25,15,だっぴ,,1:1,むし
アゲハント,60,70,50,90,50,65,むしのしらせ,,1:1,むし/ひこう
マユルド,50,35,55,25,25,15,だっぴ,,1:1,むし
ドクケイル,60,50,70,50,90,65,りんぷん,,1:1,むし/どく
ハスボー,40,30,30,40,50,30,すいすい,あめうけざら,1:1,みず/くさ
ハスブレロ,60,50,50,60,70,50,すいすい,あめうけざら,1:1,みず/くさ
ルンパッパ,80,70,70,90,100,70,すいすい,あめうけざら,1:1,みず/くさ
タネボー,40,40,50,30,30,30,ようりょくそ,はやおき,1:1,くさ
コノハナ,70,70,40,60,40,60,ようりょくそ,はやおき,1:1,くさ/あく
ダーテング,90,100,60,90,60,80,ようりょくそ,はやおき,1:1,くさ/あく
スバメ,40,55,30,30,30,85,こんじょう,,1:1,ノーマル/ひこう
オオスバメ,60,85,60,50,50,125,こんじょう,,1:1,ノーマル/ひこう
キャモメ,40,30,30,55,30,85,するどいめ,,1:1,みず/ひこう
ペリッパー,60,50,100,85,70,65,するどいめ,,1:1,みず/ひこう
ラルトス,28,25,25,45,35,40,シンクロ,トレース,1:1,エスパー
キルリア,38,35,35,65,55,50,シンクロ,トレース,1:1,エスパー
サーナイト,68,65,65,125,115,80,シンクロ,トレース,1:1,エスパー
アメタマ,40,30,32,50,52,65,すいすい,,1:1,むし/みず
アメモース,70,60,62,80,82,60,いかく,,1:1,むし/ひこう
キノココ,60,40,60,40,60,35,ほうし,ポイズンヒール,1:1,くさ
キノガッサ,60,130,80,60,60,70,ほうし,ポイズンヒール,1:1,くさ/かくとう
ナマケロ,60,60,60,35,35,30,なまけ,,1:1,ノーマル
ヤルキモノ,80,80,80,55,55,90,やるき,,1:1,ノーマル
ケッキング,150,160,100,95,65,100,なまけ,,1:1,ノーマル
ツチニン,31,45,90,30,30,40,ふくがん,,1:1,むし/じめん
テッカニン,61,90,45,50,50,160,かそく,,1:1,むし/ひこう
ヌケニン,1,90,45,30,30,40,ふしぎなまもり,,ふめい,むし/ゴースト
ゴニョニョ,64,51,23,51,23,28,ぼうおん,,1:1,ノーマル
ドゴーム,84,71,43,71,43,48,ぼうおん,,1:1,ノーマル
バクオング,104,91,63,91,63,68,ぼうおん,,1:1,ノーマル
マクノシタ,72,60,30,20,30,25,あついしぼう,こんじょう,1:3,かくとう
ハリテヤマ,144,120,60,40,60,50,あついしぼう,こんじょう,1:3,かくとう
ルリリ,50,20,40,20,40,20,あついしぼう,ちからもち,3:1,ノーマル
ノズパス,30,45,135,45,90,30,がんじょう,じりょく,1:1,いわ
エネコ,50,45,45,35,35,50,メロメロボディ,ノーマルスキン,3:1,ノーマル
エネコロロ,70,65,65,55,55,70,メロメロボディ,ノーマルスキン,3:1,ノーマル
ヤミラミ,50,75,75,65,65,50,するどいめ,あとだし,1:1,あく/ゴースト
クチート,50,85,85,55,55,50,かいりきバサミ,いかく,1:1,はがね
ココドラ,50,70,100,40,40,30,がんじょう,いしあたま,1:1,はがね/いわ
コドラ,60,90,140,50,50,40,がんじょう,いしあたま,1:1,はがね/いわ
ボスゴドラ,70,110,180,60,60,50,がんじょう,いしあたま,1:1,はがね/いわ
アサナン,30,40,55,40,55,60,ヨガパワー,,1:1,かくとう/エスパー
チャーレム,60,60,75,60,75,80,ヨガパワー,,1:1,かくとう/エスパー
ラクライ,40,45,40,65,40,65,せいでんき,ひらいしん,1:1,でんき
ライボルト,70,75,60,105,60,105,せいでんき,ひらいしん,1:1,でんき
プラスル,60,50,40,85,75,95,プラス,,1:1,でんき
マイナン,60,40,50,75,85,95,マイナス,,1:1,でんき
バルビート,65,73,55,47,75,85,はっこう,むしのしらせ,♂のみ,むし
イルミーゼ,65,47,55,73,75,85,どんかん,いろめがね,♀のみ,むし
ロゼリア,50,60,45,100,80,65,しぜんかいふく,どくのトゲ,1:1,くさ/どく
ゴクリン,70,43,53,43,53,40,ヘドロえき,ねんちゃく,1:1,どく
マルノーム,100,73,83,73,83,55,ヘドロえき,ねんちゃく,1:1,どく
キバニア,45,90,20,65,20,65,さめはだ,,1:1,みず/あく
サメハダー,70,120,40,95,40,95,さめはだ,,1:1,みず/あく
ホエルコ,130,70,35,70,35,60,みずのベール,どんかん,1:1,みず
ホエルオー,170,90,45,90,45,60,みずのベール,どんかん,1:1,みず
ドンメル,60,60,40,65,45,35,どんかん,たんじゅん,1:1,ほのお/じめん
バクーダ,70,100,70,105,75,40,マグマのよろい,ハードロック,1:1,ほのお/じめん
コータス,70,85,140,85,70,20,しろいけむり,,1:1,ほのお
バネブー,60,25,35,70,80,60,あついしぼう,マイペース,1:1,エスパー
ブーピッグ,80,45,65,90,110,80,あついしぼう,マイペース,1:1,エスパー
パッチール,60,60,60,60,60,60,マイペース,ちどりあし,1:1,ノーマル
ナックラー,45,100,45,45,45,10,かいりきバサミ,ありじごく,1:1,じめん
ビブラーバ,50,70,50,50,50,70,ふゆう,,1:1,じめん/ドラゴン
フライゴン,80,100,80,80,80,100,ふゆう,,1:1,じめん/ドラゴン
サボネア,50,85,40,85,40,35,すながくれ,,1:1,くさ
ノクタス,70,115,60,115,60,55,すながくれ,,1:1,くさ/あく
チルット,45,40,60,40,75,50,しぜんかいふく,,1:1,ノーマル/ひこう
チルタリス,75,70,90,70,105,80,しぜんかいふく,,1:1,ドラゴン/ひこう
ザングース,73,115,60,60,60,90,めんえき,,1:1,ノーマル
ハブネーク,73,100,60,100,60,65,だっぴ,,1:1,どく
ルナトーン,70,55,65,95,85,70,ふゆう,,ふめい,いわ/エスパー
ソルロック,70,95,85,55,65,70,ふゆう,,ふめい,いわ/エスパー
ドジョッチ,50,48,43,46,41,60,どんかん,きけんよち,1:1,みず/じめん
ナマズン,110,78,73,76,71,60,どんかん,きけんよち,1:1,みず/じめん
ヘイガニ,43,80,65,50,35,35,かいりきバサミ,シェルアーマー,1:1,みず
シザリガー,63,120,85,90,55,55,かいりきバサミ,シェルアーマー,1:1,みず/あく
ヤジロン,40,40,55,40,70,55,ふゆう,,ふめい,じめん/エスパー
ネンドール,60,70,105,70,120,75,ふゆう,,ふめい,じめん/エスパー
リリーラ,66,41,77,61,87,23,きゅうばん,,1:7,いわ/くさ
ユレイドル,86,81,97,81,107,43,きゅうばん,,1:7,いわ/くさ
アノプス,45,95,50,40,50,75,カブトアーマー,,1:7,いわ/むし
アーマルド,75,125,100,70,80,45,カブトアーマー,,1:7,いわ/むし
ヒンバス,20,15,20,10,55,80,すいすい,,1:1,みず
ミロカロス,95,60,79,100,125,81,ふしぎなうろこ,,1:1,みず
ポワルン,70,70,70,70,70,70,てんきや,,1:1,ノーマル
カクレオン,60,90,70,60,120,40,へんしょく,,1:1,ノーマル
カゲボウズ,44,75,35,63,33,45,ふみん,おみとおし,1:1,ゴースト
ジュペッタ,64,115,65,83,63,65,ふみん,おみとおし,1:1,ゴースト
ヨマワル,20,40,90,30,90,25,ふゆう,,1:1,ゴースト
サマヨール,40,70,130,60,130,25,プレッシャー,,1:1,ゴースト
トロピウス,99,68,83,72,87,51,ようりょくそ,サンパワー,1:1,くさ/ひこう
チリーン,65,50,70,95,80,65,ふゆう,,1:1,エスパー
アブソル,65,130,60,75,60,75,プレッシャー,きょううん,1:1,あく
ソーナノ,95,23,48,23,48,23,かげふみ,,1:1,エスパー
ユキワラシ,50,50,50,50,50,50,せいしんりょく,アイスボディ,1:1,こおり
オニゴーリ,80,80,80,80,80,80,せいしんりょく,アイスボディ,1:1,こおり
タマザラシ,70,40,50,55,50,25,あついしぼう,アイスボディ,1:1,こおり/みず
トドグラー,90,60,70,75,70,45,あついしぼう,アイスボディ,1:1,こおり/みず
トドゼルガ,110,80,90,95,90,65,あついしぼう,アイスボディ,1:1,こおり/みず
パールル,35,64,85,74,55,32,シェルアーマー,,1:1,みず
ハンテール,55,104,105,94,75,52,すいすい,,1:1,みず
サクラビス,55,84,105,114,75,52,すいすい,,1:1,みず
ジーランス,100,90,130,45,65,55,すいすい,いしあたま,1:7,みず/いわ
ラブカス,43,30,55,40,65,97,すいすい,,3:1,みず
タツベイ,45,75,60,40,30,50,いしあたま,,1:1,ドラゴン
コモルー,65,95,100,60,50,50,いしあたま,,1:1,ドラゴン
ボーマンダ,95,135,80,110,80,100,いかく,,1:1,ドラゴン/ひこう
ダンバル,40,55,80,35,60,30,クリアボディ,,ふめい,はがね/エスパー
メタング,60,75,100,55,80,50,クリアボディ,,ふめい,はがね/エスパー
メタグロス,80,135,130,95,90,70,クリアボディ,,ふめい,はがね/エスパー
レジロック,80,100,200,50,100,50,クリアボディ,,ふめい,いわ
レジアイス,80,50,100,100,200,50,クリアボディ,,ふめい,こおり
レジスチル,80,75,150,75,150,50,クリアボディ,,ふめい,はがね
ラティアス,80,80,90,110,130,110,ふゆう,,♀のみ,ドラゴン/エスパー
ラティオス,80,90,80,130,110,110,ふゆう,,♂のみ,ドラゴン/エスパー
カイオーガ,100,100,90,150,140,90,あめふらし,,ふめい,みず
グラードン,100,150,140,100,90,90,ひでり,,ふめい,じめん
レックウザ,105,150,90,150,90,95,エアロック,,ふめい,ドラゴン/ひこう
ジラーチ,100,100,100,100,100,100,てんのめぐみ,,ふめい,はがね/エスパー
デオキシス,50,150,50,150,50,150,プレッシャー,,ふめい,エスパー
ナエトル,55,68,64,45,55,31,しんりょく,,1:7,くさ
ハヤシガメ,75,89,85,55,65,36,しんりょく,,1:7,くさ
ドダイトス,95,109,105,75,85,56,しんりょく,,1:7,くさ/じめん
ヒコザル,44,58,44,58,44,61,もうか,,1:7,ほのお
モウカザル,64,78,52,78,52,81,もうか,,1:7,ほのお/かくとう
ゴウカザル,76,104,71,104,71,108,もうか,,1:7,ほのお/かくとう
ポッチャマ,53,51,53,61,56,40,げきりゅう,,1:7,みず
ポッタイシ,64,66,68,81,76,50,げきりゅう,,1:7,みず
エンペルト,84,86,88,111,101,60,げきりゅう,,1:7,みず/はがね
ムックル,40,55,30,30,30,60,するどいめ,,1:1,ノーマル/ひこう
ムクバード,55,75,50,40,40,80,いかく,,1:1,ノーマル/ひこう
ムクホーク,85,120,70,50,50,100,いかく,,1:1,ノーマル/ひこう
ビッパ,59,45,40,35,40,31,たんじゅん,てんねん,1:1,ノーマル
ビーダル,79,85,60,55,60,71,たんじゅん,てんねん,1:1,ノーマル/みず
コロボーシ,37,25,41,25,41,25,だっぴ,,1:1,むし
コロトック,77,85,51,55,51,65,むしのしらせ,,1:1,むし
コリンク,45,65,34,40,34,45,とうそうしん,いかく,1:1,でんき
ルクシオ,60,85,49,60,49,60,とうそうしん,いかく,1:1,でんき
レントラー,80,120,79,95,79,70,とうそうしん,いかく,1:1,でんき
スボミー,40,30,35,50,70,55,しぜんかいふく,どくのトゲ,1:1,くさ/どく
ロズレイド,60,70,55,125,105,90,しぜんかいふく,どくのトゲ,1:1,くさ/どく
ズガイドス,67,125,40,30,30,58,かたやぶり,,1:7,いわ
ラムパルド,97,165,60,65,50,58,かたやぶり,,1:7,いわ
タテトプス,30,42,118,42,88,30,がんじょう,,1:7,いわ/はがね
トリデプス,60,52,168,47,138,30,がんじょう,,1:7,いわ/はがね
ミノムッチ,40,29,45,29,45,36,だっぴ,,1:1,むし
ミノマダム,60,59,85,79,105,36,きけんよち,,♀のみ,むし/くさ
ガーメイル,70,94,50,94,50,66,むしのしらせ,,♂のみ,むし/ひこう
ミツハニー,30,30,42,30,42,70,みつあつめ,,1:7,むし/ひこう
ビークイン,70,80,102,80,102,40,プレッシャー,,♀のみ,むし/ひこう
パチリス,60,45,70,45,90,95,にげあし,ものひろい,1:1,でんき
ブイゼル,55,65,35,60,30,85,すいすい,,1:1,みず
フローゼル,85,105,55,85,50,115,すいすい,,1:1,みず
チェリンボ,45,35,45,62,53,35,ようりょくそ,,1:1,くさ
チェリム,70,60,70,87,78,85,フラワーギフト,,1:1,くさ
カラナクシ,76,48,48,57,62,34,ねんちゃく,よびみず,1:1,みず
トリトドン,111,83,68,92,82,39,ねんちゃく,よびみず,1:1,みず/じめん
エテボース,75,100,66,60,66,115,テクニシャン,ものひろい,1:1,ノーマル
フワンテ,90,50,34,60,44,70,ゆうばく,かるわざ,1:1,ゴースト/ひこう
フワライド,150,80,44,90,54,80,ゆうばく,かるわざ,1:1,ゴースト/ひこう
ミミロル,55,66,44,44,56,85,にげあし,ぶきよう,1:1,ノーマル
ミミロップ,65,76,84,54,96,105,メロメロボディ,ぶきよう,1:1,ノーマル
ムウマージ,60,60,60,105,105,105,ふゆう,,1:1,ゴースト
ドンカラス,100,125,52,105,52,71,ふみん,きょううん,1:1,あく/ひこう
ニャルマー,49,55,42,42,37,85,じゅうなん,マイペース,3:1,ノーマル
ブニャット,71,82,64,64,59,112,あついしぼう,マイペース,3:1,ノーマル
リーシャン,45,30,50,65,50,45,ふゆう,,1:1,エスパー
スカンプー,63,63,47,41,41,74,あくしゅう,ゆうばく,1:1,どく/あく
スカタンク,103,93,67,71,61,84,あくしゅう,ゆうばく,1:1,どく/あく
ドーミラー,57,24,86,24,86,23,ふゆう,たいねつ,ふめい,はがね/エスパー
ドータクン,67,89,116,79,116,33,ふゆう,たいねつ,ふめい,はがね/エスパー
ウソハチ,50,80,95,10,45,10,がんじょう,いしあたま,1:1,いわ
マネネ,20,25,45,70,90,60,ぼうおん,フィルター,1:1,エスパー
ピンプク,100,5,5,15,65,30,しぜんかいふく,てんのめぐみ,♀のみ,ノーマル
ペラップ,76,65,45,92,42,91,するどいめ,ちどりあし,1:1,ノーマル/ひこう
ミカルゲ,50,92,108,92,108,35,プレッシャー,,1:1,ゴースト/あく
フカマル,58,70,45,40,45,42,すながくれ,,1:1,ドラゴン/じめん
ガバイト,68,90,65,50,55,82,すながくれ,,1:1,ドラゴン/じめん
ガブリアス,108,130,95,80,85,102,すながくれ,,1:1,ドラゴン/じめん
ゴンベ,135,85,40,40,85,5,ものひろい,あついしぼう,1:7,ノーマル
リオル,40,70,40,35,40,60,ふくつのこころ,せいしんりょく,1:7,かくとう
ルカリオ,70,110,70,115,70,90,ふくつのこころ,せいしんりょく,1:7,かくとう/はがね
ヒポポタス,68,72,78,38,42,32,すなおこし,,1:1,じめん
カバルドン,108,112,118,68,72,47,すなおこし,,1:1,じめん
スコルピ,40,50,90,30,55,65,カブトアーマー,スナイパー,1:1,どく/むし
ドラピオン,70,90,110,60,75,95,カブトアーマー,スナイパー,1:1,どく/あく
グレッグル,48,61,40,61,40,50,きけんよち,かんそうはだ,1:1,どく/かくとう
ドクロッグ,83,106,65,86,65,85,きけんよち,かんそうはだ,1:1,どく/かくとう
マスキッパ,74,100,72,90,72,46,ふゆう,,1:1,くさ
ケイコウオ,49,49,56,49,61,66,すいすい,よびみず,1:1,みず
ネオラント,69,69,76,69,86,91,すいすい,よびみず,1:1,みず
タマンタ,45,20,50,60,120,50,すいすい,ちょすい,1:1,みず/ひこう
ユキカブリ,60,62,50,62,60,40,ゆきふらし,,1:1,くさ/こおり
ユキノオー,90,92,75,92,85,60,ゆきふらし,,1:1,くさ/こおり
マニューラ,70,120,65,45,85,125,プレッシャー,,1:1,あく/こおり
ジバコイル,70,70,115,130,90,60,じりょく,がんじょう,ふめい,でんき/はがね
ベロベルト,110,85,95,80,95,50,マイペース,どんかん,1:1,ノーマル
ドサイドン,115,140,130,55,55,40,ひらいしん,ハードロック,1:1,じめん/いわ
モジャンボ,100,100,125,110,50,50,ようりょくそ,リーフガード,1:1,くさ
エレキブル,75,123,67,95,85,95,でんきエンジン,,1:3,でんき
ブーバーン,75,95,67,125,95,83,ほのおのからだ,,1:3,ほのお
トゲキッス,85,50,95,120,115,80,はりきり,てんのめぐみ,1:7,ノーマル/ひこう
メガヤンマ,86,76,86,116,56,95,かそく,いろめがね,1:1,むし/ひこう
リーフィア,65,110,130,60,65,95,リーフガード,,1:7,くさ
グレイシア,65,60,110,130,95,65,ゆきがくれ,,1:7,こおり
グライオン,75,95,125,45,75,95,かいりきバサミ,すながくれ,1:1,じめん/ひこう
マンムー,110,130,80,70,60,80,どんかん,ゆきがくれ,1:1,こおり/じめん
ポリゴンZ,85,80,70,135,75,90,てきおうりょく,ダウンロード,ふめい,ノーマル
エルレイド,68,125,65,65,115,80,ふくつのこころ,,♂のみ,エスパー/かくとう
ダイノーズ,60,55,145,75,150,40,がんじょう,じりょく,1:1,いわ/はがね
ヨノワール,45,100,135,65,135,45,プレッシャー,,1:1,ゴースト
ユキメノコ,70,80,70,80,70,110,ゆきがくれ,,♀のみ,こおり/ゴースト
ロトム,50,50,77,95,77,91,ふゆう,,ふめい,でんき/ゴースト
ユクシー,75,75,130,75,130,95,ふゆう,,ふめい,エスパー
エムリット,80,105,105,105,105,80,ふゆう,,ふめい,エスパー
アグノム,75,125,70,125,70,115,ふゆう,,ふめい,エスパー
ディアルガ,100,120,120,150,100,90,プレッシャー,,ふめい,はがね/ドラゴン
パルキア,90,120,100,150,120,100,プレッシャー,,ふめい,みず/ドラゴン
ヒードラン,91,90,106,130,106,77,もらいび,,1:1,ほのお/はがね
レジギガス,110,160,110,80,110,100,スロースタート,,ふめい,ノーマル
ギラティナ,150,100,120,100,120,90,プレッシャー,,ふめい,ゴースト/ドラゴン
クレセリア,120,70,120,75,130,85,ふゆう,,♀のみ,エスパー
フィオネ,80,80,80,80,80,80,うるおいボディ,,ふめい,みず
マナフィ,100,100,100,100,100,100,うるおいボディ,,ふめい,みず
ダークライ,70,90,90,135,90,125,ナイトメア,,ふめい,あく
シェイミ,100,100,100,100,100,100,しぜんかいふく,,ふめい,くさ
アルセウス,120,120,120,120,120,120,マルチタイプ,,ふめい,ノーマル
