番号,名前,威力,命中,PP,タイプ,分類,対象,効果コード(十進),追加効果確率,優先度,直接攻撃,フラグ2,フラグ3,フラグ4,フラグ5,フラグ6,フラグ7,フラグ8,
1,はたく,40,100,35,ノーマル,物理,通常,0,0,0,1,1,0,0,1,1,1,0,
2,からてチョップ,50,100,25,かくとう,物理,通常,43,0,0,1,1,0,0,1,1,1,0,
3,おうふくビンタ,15,85,10,ノーマル,物理,通常,29,0,0,1,1,0,0,1,1,1,0,
4,れんぞくパンチ,18,85,15,ノーマル,物理,通常,29,0,0,1,1,0,0,1,1,1,0,
5,メガトンパンチ,80,85,20,ノーマル,物理,通常,0,0,0,1,1,0,0,1,1,0,0,
6,ネコにこばん,40,100,20,ノーマル,物理,通常,34,0,0,0,1,0,0,1,1,0,0,
7,ほのおのパンチ,75,100,15,ほのお,物理,通常,4,10,0,1,1,0,0,1,0,0,0,
8,れいとうパンチ,75,100,15,こおり,物理,通常,5,10,0,1,1,0,0,1,0,0,0,
9,かみなりパンチ,75,100,15,でんき,物理,通常,6,10,0,1,1,0,0,1,0,0,0,
10,ひっかく,40,100,35,ノーマル,物理,通常,0,0,0,1,1,0,0,1,1,1,0,
11,はさむ,55,100,30,ノーマル,物理,通常,0,0,0,1,1,0,0,1,1,0,0,
12,ハサミギロチン,1,30,5,ノーマル,物理,通常,38,0,0,1,1,0,0,1,0,0,0,
13,かまいたち,80,100,10,ノーマル,特殊,相手2体,39,0,0,0,1,0,0,1,1,0,0,
14,つるぎのまい,0,0,30,ノーマル,変化,自分,50,0,0,0,0,0,1,0,0,1,0,
15,いあいぎり,50,95,30,ノーマル,物理,通常,0,0,0,1,1,0,0,1,1,1,0,
16,かぜおこし,40,100,35,ひこう,特殊,通常,149,0,0,0,1,0,0,1,1,0,0,
17,つばさでうつ,60,100,35,ひこう,物理,通常,0,0,0,1,1,0,0,1,1,1,0,
18,ふきとばし,0,100,20,ノーマル,変化,通常,28,0,-6,0,1,0,0,1,0,1,0,
19,そらをとぶ,90,95,15,ひこう,物理,通常,155,0,0,1,1,0,0,1,1,0,1,
20,しめつける,15,75,20,ノーマル,物理,通常,42,0,0,1,1,0,0,1,1,1,0,
21,たたきつける,80,75,20,ノーマル,物理,通常,0,0,0,1,1,0,0,1,1,0,0,
22,つるのムチ,35,100,15,くさ,物理,通常,0,0,0,1,1,0,0,1,1,1,0,
23,ふみつけ,65,100,20,ノーマル,物理,通常,150,30,0,1,1,0,0,1,0,1,0,
24,にどげり,30,100,30,かくとう,物理,通常,44,0,0,1,1,0,0,1,1,1,0,
25,メガトンキック,120,75,5,ノーマル,物理,通常,0,0,0,1,1,0,0,1,1,0,1,
26,とびげり,85,95,25,かくとう,物理,通常,45,0,0,1,1,0,0,1,1,0,0,
27,まわしげり,60,85,15,かくとう,物理,通常,31,30,0,1,1,0,0,1,1,0,0,
28,すなかけ,0,100,15,じめん,変化,通常,23,0,0,0,1,1,0,1,0,0,0,
29,ずつき,70,100,15,ノーマル,物理,通常,31,30,0,1,1,0,0,1,0,1,0,
30,つのでつく,65,100,25,ノーマル,物理,通常,0,0,0,1,1,0,0,1,1,0,0,
31,みだれづき,15,85,20,ノーマル,物理,通常,29,0,0,1,1,0,0,1,1,1,0,
32,つのドリル,1,30,5,ノーマル,物理,通常,38,0,0,1,1,0,0,1,0,0,0,
33,たいあたり,35,95,35,ノーマル,物理,通常,0,0,0,1,1,0,0,1,1,1,0,
34,のしかかり,85,100,15,ノーマル,物理,通常,6,30,0,1,1,0,0,1,0,1,0,
35,まきつく,15,85,20,ノーマル,物理,通常,42,0,0,1,1,0,0,1,1,0,0,
36,とっしん,90,85,20,ノーマル,物理,通常,48,0,0,1,1,0,0,1,1,0,0,
37,あばれる,90,100,20,ノーマル,物理,ランダム,27,0,0,1,1,0,0,1,1,0,0,
38,すてみタックル,120,100,15,ノーマル,物理,通常,198,0,0,1,1,0,0,1,1,0,1,
39,しっぽをふる,0,100,30,ノーマル,変化,相手2体,19,0,0,0,1,1,0,1,0,1,0,
40,どくばり,15,100,35,どく,物理,通常,2,30,0,0,1,0,0,1,0,0,0,
41,ダブルニードル,25,100,20,むし,物理,通常,77,20,0,0,1,0,0,1,0,1,0,
42,ミサイルばり,14,85,20,むし,物理,通常,29,0,0,0,1,0,0,1,1,1,0,
43,にらみつける,0,100,30,ノーマル,変化,相手2体,19,0,0,0,1,1,0,1,0,0,0,
44,かみつく,60,100,25,あく,物理,通常,31,30,0,1,1,0,0,1,0,0,0,
45,なきごえ,0,100,40,ノーマル,変化,相手2体,18,0,0,0,1,1,0,1,0,1,0,
46,ほえる,0,100,20,ノーマル,変化,通常,28,0,-6,0,1,0,0,1,0,1,0,
47,うたう,0,55,15,ノーマル,変化,通常,1,0,0,0,1,1,0,1,0,0,0,
48,ちょうおんぱ,0,55,20,ノーマル,変化,通常,49,0,0,0,1,1,0,1,0,0,0,
49,ソニックブーム,1,90,20,ノーマル,特殊,通常,130,0,0,0,1,0,0,1,1,1,0,
50,かなしばり,0,80,20,ノーマル,変化,通常,86,0,0,0,1,0,0,1,0,0,0,
51,ようかいえき,40,100,30,どく,特殊,相手2体,72,10,0,0,1,0,0,1,0,0,0,
52,ひのこ,40,100,25,ほのお,特殊,通常,4,10,0,0,1,0,0,1,0,1,0,
53,かえんほうしゃ,95,100,15,ほのお,特殊,通常,4,10,0,0,1,0,0,1,0,0,0,
54,しろいきり,0,0,30,こおり,変化,味方2体,46,0,0,0,0,0,1,0,0,0,0,
55,みずでっぽう,40,100,25,みず,特殊,通常,0,0,0,0,1,0,0,1,1,0,0,
56,ハイドロポンプ,120,80,5,みず,特殊,通常,0,0,0,0,1,0,0,1,1,0,1,
57,なみのり,95,100,15,みず,特殊,自分以外,257,0,0,0,1,0,0,1,1,0,0,
58,れいとうビーム,95,100,10,こおり,特殊,通常,5,10,0,0,1,0,0,1,0,0,0,
59,ふぶき,120,70,5,こおり,特殊,相手2体,260,10,0,0,1,0,0,1,0,0,1,
60,サイケこうせん,65,100,20,エスパー,特殊,通常,76,10,0,0,1,0,0,1,0,0,0,
61,バブルこうせん,65,100,20,みず,特殊,通常,70,10,0,0,1,0,0,1,0,0,0,
62,オーロラビーム,65,100,20,こおり,特殊,通常,68,10,0,0,1,0,0,1,0,0,0,
63,はかいこうせん,150,90,5,ノーマル,特殊,通常,80,0,0,0,1,0,0,1,1,0,1,
64,つつく,35,100,35,ひこう,物理,通常,0,0,0,1,1,0,0,1,1,1,0,
65,ドリルくちばし,80,100,20,ひこう,物理,通常,0,0,0,1,1,0,0,1,1,0,0,
66,じごくぐるま,80,80,25,かくとう,物理,通常,48,0,0,1,1,0,0,1,1,0,0,
67,けたぐり,1,100,20,かくとう,物理,通常,196,0,0,1,1,0,0,1,1,1,0,
68,カウンター,1,100,20,かくとう,物理,不定,89,0,-5,1,0,0,0,0,0,0,0,
69,ちきゅうなげ,1,100,20,かくとう,物理,通常,87,0,0,1,1,0,0,1,1,0,1,
70,かいりき,80,100,15,ノーマル,物理,通常,0,0,0,1,1,0,0,1,1,0,0,
71,すいとる,20,100,25,くさ,特殊,通常,3,0,0,0,1,0,0,1,0,0,0,
72,メガドレイン,40,100,15,くさ,特殊,通常,3,0,0,0,1,0,0,1,0,0,0,
73,やどりぎのタネ,0,90,10,くさ,変化,通常,84,0,0,0,1,1,0,1,0,0,0,
74,せいちょう,0,0,40,ノーマル,変化,自分,13,0,0,0,0,0,1,0,0,1,0,
75,はっぱカッター,55,95,25,くさ,物理,相手2体,43,0,0,0,1,0,0,1,1,0,0,
76,ソーラービーム,120,100,10,くさ,特殊,通常,151,0,0,0,1,0,0,1,1,0,0,
77,どくのこな,0,75,35,どく,変化,通常,66,0,0,0,1,1,0,1,0,1,0,
78,しびれごな,0,75,30,くさ,変化,通常,67,0,0,0,1,1,0,1,0,1,0,
79,ねむりごな,0,75,15,くさ,変化,通常,1,0,0,0,1,1,0,1,0,1,0,
80,はなびらのまい,90,100,20,くさ,特殊,ランダム,27,0,0,1,1,0,0,1,1,0,0,
81,いとをはく,0,95,40,むし,変化,相手2体,20,0,0,0,1,1,0,1,0,0,0,
82,りゅうのいかり,1,100,10,ドラゴン,特殊,通常,41,0,0,0,1,0,0,1,1,0,0,
83,ほのおのうず,15,70,15,ほのお,特殊,通常,42,0,0,0,1,0,0,1,1,0,0,
84,でんきショック,40,100,30,でんき,特殊,通常,6,10,0,0,1,0,0,1,0,0,0,
85,10まんボルト,95,100,15,でんき,特殊,通常,6,10,0,0,1,0,0,1,0,0,0,
86,でんじは,0,100,20,でんき,変化,通常,67,0,0,0,1,1,0,1,0,0,0,
87,かみなり,120,70,10,でんき,特殊,通常,152,30,0,0,1,0,0,1,0,0,1,
88,いわおとし,50,90,15,いわ,物理,通常,0,0,0,0,1,0,0,1,1,0,0,
89,じしん,100,100,10,じめん,物理,自分以外,147,0,0,0,1,0,0,1,1,0,0,
90,じわれ,1,30,5,じめん,物理,通常,38,0,0,0,1,0,0,1,0,0,1,
91,あなをほる,80,100,10,じめん,物理,通常,256,0,0,1,1,0,0,1,1,0,0,
92,どくどく,0,85,10,どく,変化,通常,33,0,0,0,1,1,0,1,0,0,0,
93,ねんりき,50,100,25,エスパー,特殊,通常,76,10,0,0,1,0,0,1,0,0,0,
94,サイコキネシス,90,100,10,エスパー,特殊,通常,72,10,0,0,1,0,0,1,0,0,0,
95,さいみんじゅつ,0,60,20,エスパー,変化,通常,1,0,0,0,1,1,0,1,0,0,0,
96,ヨガのポーズ,0,0,40,エスパー,変化,自分,10,0,0,0,0,0,1,0,0,0,0,
97,こうそくいどう,0,0,30,エスパー,変化,自分,52,0,0,0,0,0,1,0,0,0,1,
98,でんこうせっか,40,100,30,ノーマル,物理,通常,103,0,1,1,1,0,0,1,1,1,0,
99,いかり,20,100,20,ノーマル,物理,通常,81,0,0,1,1,0,0,1,1,0,0,
100,テレポート,0,0,20,エスパー,変化,自分,153,0,0,0,0,0,0,0,0,0,0,
101,ナイトヘッド,1,100,15,ゴースト,特殊,通常,87,0,0,0,1,0,0,1,1,0,0,
102,ものまね,0,0,10,ノーマル,変化,通常,82,0,0,0,1,0,0,0,0,0,0,
103,いやなおと,0,85,40,ノーマル,変化,通常,59,0,0,0,1,1,0,1,0,1,0,
104,かげぶんしん,0,0,15,ノーマル,変化,自分,16,0,0,0,0,0,1,0,0,1,0,
105,じこさいせい,0,0,10,ノーマル,変化,自分,32,0,0,0,0,0,1,0,0,1,0,
106,かたくなる,0,0,30,ノーマル,変化,自分,11,0,0,0,0,0,1,0,0,1,0,
107,ちいさくなる,0,0,20,ノーマル,変化,自分,108,0,0,0,0,0,1,0,0,0,0,
108,えんまく,0,100,20,ノーマル,変化,通常,23,0,0,0,1,1,0,1,0,0,0,
109,あやしいひかり,0,100,10,ゴースト,変化,通常,49,0,0,0,1,1,0,1,0,0,0,
110,からにこもる,0,0,40,みず,変化,自分,11,0,0,0,0,0,1,0,0,1,0,
111,まるくなる,0,0,40,ノーマル,変化,自分,156,0,0,0,0,0,1,0,0,1,0,
112,バリアー,0,0,30,エスパー,変化,自分,51,0,0,0,0,0,1,0,0,1,0,
113,ひかりのかべ,0,0,30,エスパー,変化,味方2体,35,0,0,0,0,0,1,0,0,1,0,
114,くろいきり,0,0,30,こおり,変化,全体,25,0,0,0,0,0,0,0,0,0,0,
115,リフレクター,0,0,20,エスパー,変化,味方2体,65,0,0,0,0,0,1,0,0,1,0,
116,きあいだめ,0,0,30,ノーマル,変化,自分,47,0,0,0,0,0,1,0,0,1,0,
117,がまん,1,0,10,ノーマル,物理,自分,26,0,1,1,1,0,0,0,1,1,0,
118,ゆびをふる,0,0,10,ノーマル,変化,不定,83,0,0,0,0,0,0,0,0,1,0,
119,オウムがえし,0,0,20,ひこう,変化,不定,9,0,0,0,0,0,0,0,0,0,0,
120,じばく,200,100,5,ノーマル,物理,自分以外,7,0,0,0,1,0,0,1,1,0,0,
121,タマゴばくだん,100,75,10,ノーマル,物理,通常,0,0,0,0,1,0,0,1,1,0,0,
122,したでなめる,20,100,30,ゴースト,物理,通常,6,30,0,1,1,0,0,1,0,1,0,
123,スモッグ,20,70,20,どく,特殊,通常,2,40,0,0,1,0,0,1,0,0,0,
124,ヘドロこうげき,65,100,20,どく,特殊,通常,2,30,0,0,1,0,0,1,0,0,0,
125,ホネこんぼう,65,85,20,じめん,物理,通常,31,10,0,0,1,0,0,1,0,1,0,
126,だいもんじ,120,85,5,ほのお,特殊,通常,4,10,0,0,1,0,0,1,0,0,1,
127,たきのぼり,80,100,15,みず,物理,通常,31,20,0,1,1,0,0,1,1,0,1,
128,からではさむ,35,75,10,みず,物理,通常,42,0,0,1,1,0,0,1,1,0,0,
129,スピードスター,60,0,20,ノーマル,特殊,相手2体,17,0,0,0,1,0,0,1,1,0,0,
130,ロケットずつき,100,100,15,ノーマル,物理,通常,145,100,0,1,1,0,0,1,1,0,0,
131,とげキャノン,20,100,15,ノーマル,物理,通常,29,0,0,0,1,0,0,1,1,0,0,
132,からみつく,10,100,35,ノーマル,物理,通常,70,10,0,1,1,0,0,1,0,0,0,
133,ドわすれ,0,0,20,エスパー,変化,自分,54,0,0,0,0,0,1,0,0,0,0,
134,スプーンまげ,0,80,15,エスパー,変化,通常,23,0,0,0,1,1,0,1,0,1,0,
135,タマゴうみ,0,0,10,ノーマル,変化,自分,32,0,0,0,0,0,1,0,0,1,0,
136,とびひざげり,100,90,20,かくとう,物理,通常,45,0,0,1,1,0,0,1,1,0,0,
137,へびにらみ,0,75,30,ノーマル,変化,通常,67,0,0,0,1,1,0,1,0,0,0,
138,ゆめくい,100,100,15,エスパー,特殊,通常,8,0,0,0,1,0,0,1,0,0,0,
139,どくガス,0,55,40,どく,変化,通常,66,0,0,0,1,1,0,1,0,0,0,
140,たまなげ,15,85,20,ノーマル,物理,通常,29,0,0,0,1,0,0,1,1,1,0,
141,きゅうけつ,20,100,15,むし,物理,通常,3,0,0,1,1,0,0,1,0,0,0,
142,あくまのキッス,0,75,10,ノーマル,変化,通常,1,0,0,0,1,1,0,1,0,0,0,
143,ゴッドバード,140,90,5,ひこう,物理,通常,75,30,0,0,1,0,0,1,1,0,0,
144,へんしん,0,0,10,ノーマル,変化,通常,57,0,0,0,0,0,0,0,0,1,0,
145,あわ,20,100,30,みず,特殊,相手2体,70,10,0,0,1,0,0,1,0,0,0,
146,ピヨピヨパンチ,70,100,10,ノーマル,物理,通常,76,20,0,1,1,0,0,1,0,0,0,
147,キノコのほうし,0,100,15,くさ,変化,通常,1,0,0,0,1,1,0,1,0,0,0,
148,フラッシュ,0,100,20,ノーマル,変化,通常,23,0,0,0,1,1,0,1,0,0,1,
149,サイコウェーブ,1,80,15,エスパー,特殊,通常,88,0,0,0,1,0,0,1,1,0,0,
150,はねる,0,0,40,ノーマル,変化,自分,85,0,0,0,0,0,0,0,0,1,0,
151,とける,0,0,40,どく,変化,自分,51,0,0,0,0,0,1,0,0,1,0,
152,クラブハンマー,90,85,10,みず,物理,通常,43,0,0,1,1,0,0,1,1,1,0,
153,だいばくはつ,250,100,5,ノーマル,物理,自分以外,7,0,0,0,1,0,0,1,1,0,0,
154,みだれひっかき,18,80,15,ノーマル,物理,通常,29,0,0,1,1,0,0,1,1,1,0,
155,ホネブーメラン,50,90,10,じめん,物理,通常,44,0,0,0,1,0,0,1,1,1,0,
156,ねむる,0,0,10,エスパー,変化,自分,37,0,0,0,0,0,1,0,0,1,0,
157,いわなだれ,75,90,10,いわ,物理,相手2体,31,30,0,0,1,0,0,1,0,0,0,
158,ひっさつまえば,80,90,15,ノーマル,物理,通常,31,10,0,1,1,0,0,1,0,0,0,
159,かくばる,0,0,30,ノーマル,変化,自分,10,0,0,0,0,0,1,0,0,1,0,
160,テクスチャー,0,0,30,ノーマル,変化,自分,30,0,0,0,0,0,0,0,0,1,0,
161,トライアタック,80,100,10,ノーマル,特殊,通常,36,20,0,0,1,0,0,1,0,0,0,
162,いかりのまえば,1,90,10,ノーマル,物理,通常,40,0,0,1,1,0,0,1,0,1,0,
163,きりさく,70,100,20,ノーマル,物理,通常,43,0,0,1,1,0,0,1,1,1,0,
164,みがわり,0,0,10,ノーマル,変化,自分,79,0,0,0,0,0,1,0,0,1,0,
165,わるあがき,50,0,1,ノーマル,物理,通常,254,0,0,1,1,0,0,0,1,1,0,
166,スケッチ,0,0,1,ノーマル,変化,通常,95,0,0,0,0,0,0,0,0,0,0,
167,トリプルキック,10,90,10,かくとう,物理,通常,104,0,0,1,1,0,0,1,1,1,0,
168,どろぼう,40,100,10,あく,物理,通常,105,0,0,1,1,0,0,1,0,1,0,
169,クモのす,0,0,10,むし,変化,通常,106,0,0,0,1,1,0,1,0,0,0,
170,こころのめ,0,0,5,ノーマル,変化,通常,94,0,0,0,1,0,0,1,0,0,0,
171,あくむ,0,100,15,ゴースト,変化,通常,107,0,0,0,1,0,0,1,0,0,0,
172,かえんぐるま,60,100,25,ほのお,物理,通常,125,10,0,1,1,0,0,1,0,0,0,
173,いびき,40,100,15,ノーマル,特殊,通常,92,30,0,0,1,0,0,1,1,0,0,
174,のろい,0,0,10,？？？,変化,通常,109,0,0,0,0,0,0,0,0,1,0,
175,じたばた,1,100,15,ノーマル,物理,通常,99,0,0,1,1,0,0,1,1,1,0,
176,テクスチャー2,0,0,30,ノーマル,変化,自分,93,0,0,0,0,0,0,0,0,0,0,
177,エアロブラスト,100,95,5,ひこう,特殊,通常,43,0,0,0,1,0,0,1,1,0,1,
178,わたほうし,0,85,40,くさ,変化,通常,60,0,0,0,1,1,0,1,0,1,0,
179,きしかいせい,1,100,15,かくとう,物理,通常,99,0,0,1,1,0,0,1,1,1,0,
180,うらみ,0,100,10,ゴースト,変化,通常,100,0,0,0,1,0,0,1,0,0,0,
181,こなゆき,40,100,25,こおり,特殊,相手2体,5,10,0,0,1,0,0,1,0,0,0,
182,まもる,0,0,10,ノーマル,変化,自分,111,0,3,0,0,0,0,0,0,0,0,
183,マッハパンチ,40,100,30,かくとう,物理,通常,103,0,1,1,1,0,0,1,1,1,0,
184,こわいかお,0,90,10,ノーマル,変化,通常,60,0,0,0,1,1,0,1,0,0,0,
185,だましうち,60,0,20,あく,物理,通常,17,0,0,1,1,0,0,1,1,0,0,
186,てんしのキッス,0,75,10,ノーマル,変化,通常,49,0,0,0,1,1,0,1,0,0,0,
187,はらだいこ,0,0,10,ノーマル,変化,自分,142,0,0,0,0,0,1,0,0,1,0,
188,ヘドロばくだん,90,100,10,どく,特殊,通常,2,30,0,0,1,0,0,1,0,0,0,
189,どろかけ,20,100,10,じめん,特殊,通常,73,100,0,0,1,0,0,1,0,0,0,
190,オクタンほう,65,85,10,みず,特殊,通常,73,50,0,0,1,0,0,1,0,0,0,
191,まきびし,0,0,20,じめん,変化,相手の場,112,0,0,0,0,0,0,0,0,0,0,
192,でんじほう,120,50,5,でんき,特殊,通常,6,100,0,0,1,0,0,1,0,0,1,
193,みやぶる,0,0,40,ノーマル,変化,通常,113,0,0,0,1,0,0,1,0,1,0,
194,みちづれ,0,0,5,ゴースト,変化,自分,98,0,0,0,0,0,0,0,0,0,0,
195,ほろびのうた,0,0,5,ノーマル,変化,全体,114,0,0,0,0,0,0,0,0,0,1,
196,こごえるかぜ,55,95,15,こおり,特殊,相手2体,70,100,0,0,1,0,0,1,0,0,0,
197,みきり,0,0,5,かくとう,変化,自分,111,0,3,0,0,0,0,0,0,0,0,
198,ボーンラッシュ,25,80,10,じめん,物理,通常,29,0,0,0,1,0,0,1,1,1,0,
199,ロックオン,0,0,5,ノーマル,変化,通常,94,0,0,0,1,0,0,1,0,0,0,
200,げきりん,120,100,15,ドラゴン,物理,ランダム,27,0,0,1,1,0,0,1,1,0,1,
201,すなあらし,0,0,10,いわ,変化,全体,115,0,0,0,0,0,0,0,0,0,0,
202,ギガドレイン,60,100,10,くさ,特殊,通常,3,0,0,0,1,0,0,1,0,0,0,
203,こらえる,0,0,10,ノーマル,変化,自分,116,0,3,0,0,0,0,0,0,1,0,
204,あまえる,0,100,20,ノーマル,変化,通常,58,0,0,0,1,1,0,1,0,1,0,
205,ころがる,30,90,20,いわ,物理,通常,117,0,0,1,1,0,0,1,1,0,0,
206,みねうち,40,100,40,ノーマル,物理,通常,101,0,0,1,1,0,0,1,1,1,0,
207,いばる,0,90,15,ノーマル,変化,通常,118,0,0,0,1,1,0,1,0,1,0,
208,ミルクのみ,0,0,10,ノーマル,変化,自分,32,0,0,0,0,0,1,0,0,0,0,
209,スパーク,65,100,20,でんき,物理,通常,6,30,0,1,1,0,0,1,0,0,0,
210,れんぞくぎり,10,95,20,むし,物理,通常,119,0,0,1,1,0,0,1,1,1,0,
211,はがねのつばさ,70,90,25,はがね,物理,通常,138,10,0,1,1,0,0,1,1,0,0,
212,くろいまなざし,0,0,5,ノーマル,変化,通常,106,0,0,0,1,1,0,1,0,0,0,
213,メロメロ,0,100,15,ノーマル,変化,通常,120,0,0,0,1,1,0,1,0,0,0,
214,ねごと,0,0,10,ノーマル,変化,不定,97,0,0,0,0,0,0,0,0,0,0,
215,いやしのすず,0,0,5,ノーマル,変化,味方2体,102,0,0,0,0,0,1,0,0,1,0,
216,おんがえし,1,100,20,ノーマル,物理,通常,121,0,0,1,1,0,0,1,1,1,0,
217,プレゼント,1,90,15,ノーマル,物理,通常,122,0,0,0,1,0,0,1,0,0,0,
218,やつあたり,1,100,20,ノーマル,物理,通常,123,0,0,1,1,0,0,1,1,1,0,
219,しんぴのまもり,0,0,25,ノーマル,変化,味方2体,124,0,0,0,0,0,1,0,0,1,0,
220,いたみわけ,0,0,20,ノーマル,変化,通常,91,0,0,0,1,0,0,1,0,0,0,
221,せいなるほのお,100,95,5,ほのお,物理,通常,125,50,0,0,1,0,0,1,0,0,1,
222,マグニチュード,1,100,30,じめん,物理,自分以外,126,0,0,0,1,0,0,1,1,0,0,
223,ばくれつパンチ,100,50,5,かくとう,物理,通常,76,100,0,1,1,0,0,1,0,0,1,
224,メガホーン,120,85,10,むし,物理,通常,0,0,0,1,1,0,0,1,1,0,1,
225,りゅうのいぶき,60,100,20,ドラゴン,特殊,通常,6,30,0,0,1,0,0,1,1,0,0,
226,バトンタッチ,0,0,40,ノーマル,変化,自分,127,0,0,0,0,0,0,0,0,0,0,
227,アンコール,0,100,5,ノーマル,変化,通常,90,0,0,0,1,0,0,1,0,0,0,
228,おいうち,40,100,20,あく,物理,通常,128,0,0,1,1,0,0,1,0,0,1,
229,こうそくスピン,20,100,40,ノーマル,物理,通常,129,0,0,1,1,0,0,1,1,0,0,
230,あまいかおり,0,100,20,ノーマル,変化,相手2体,24,0,0,0,1,1,0,1,0,0,0,
231,アイアンテール,100,75,15,はがね,物理,通常,69,30,0,1,1,0,0,1,0,0,0,
232,メタルクロー,50,95,35,はがね,物理,通常,139,10,0,1,1,0,0,1,0,0,0,
233,あてみなげ,70,0,10,かくとう,物理,通常,78,0,-1,1,1,0,0,1,1,0,0,
234,あさのひざし,0,0,5,ノーマル,変化,自分,132,0,0,0,0,0,1,0,0,0,0,
235,こうごうせい,0,0,5,くさ,変化,自分,132,0,0,0,0,0,1,0,0,1,0,
236,つきのひかり,0,0,5,ノーマル,変化,自分,132,0,0,0,0,0,1,0,0,0,1,
237,めざめるパワー,1,100,15,ノーマル,特殊,通常,135,0,0,0,1,0,0,1,1,0,0,
238,クロスチョップ,100,80,5,かくとう,物理,通常,43,0,0,1,1,0,0,1,1,0,0,
239,たつまき,40,100,20,ドラゴン,特殊,相手2体,146,20,0,0,1,0,0,1,1,0,0,
240,あまごい,0,0,5,みず,変化,全体,136,0,0,0,0,0,0,0,0,0,0,
241,にほんばれ,0,0,5,ほのお,変化,全体,137,0,0,0,0,0,0,0,0,0,0,
242,かみくだく,80,100,15,あく,物理,通常,69,20,0,1,1,0,0,1,0,0,0,
243,ミラーコート,1,100,20,エスパー,特殊,不定,144,0,-5,0,0,0,0,0,0,0,0,
244,じこあんじ,0,0,10,ノーマル,変化,通常,143,0,0,0,0,0,1,0,0,1,0,
245,しんそく,80,100,5,ノーマル,物理,通常,103,0,1,1,1,0,0,1,1,0,1,
246,げんしのちから,60,100,5,いわ,特殊,通常,140,10,0,0,1,0,0,1,0,0,0,
247,シャドーボール,80,100,15,ゴースト,特殊,通常,72,20,0,0,1,0,0,1,0,0,0,
248,みらいよち,80,90,15,エスパー,特殊,通常,148,0,0,0,0,0,0,0,0,0,0,
249,いわくだき,40,100,15,かくとう,物理,通常,69,50,0,1,1,0,0,1,0,0,0,
250,うずしお,15,70,15,みず,特殊,通常,261,0,0,0,1,0,0,1,1,0,1,
251,ふくろだたき,10,100,10,あく,物理,通常,154,0,0,0,1,0,0,1,1,1,0,
252,ねこだまし,40,100,10,ノーマル,物理,通常,158,100,1,1,1,0,0,1,0,0,0,
253,さわぐ,50,100,10,ノーマル,特殊,ランダム,159,0,0,0,1,0,0,1,1,0,0,
254,たくわえる,0,0,20,ノーマル,変化,自分,160,0,0,0,0,0,1,0,0,1,0,
255,はきだす,1,100,10,ノーマル,特殊,通常,161,0,0,0,1,0,0,0,1,0,0,
256,のみこむ,0,0,10,ノーマル,変化,自分,162,0,0,0,0,0,1,0,0,1,0,
257,ねっぷう,100,90,10,ほのお,特殊,相手2体,4,10,0,0,1,0,0,1,0,0,0,
258,あられ,0,0,10,こおり,変化,全体,164,0,0,0,0,0,0,0,0,0,0,
259,いちゃもん,0,100,15,あく,変化,通常,165,0,0,0,1,0,0,1,0,1,0,
260,おだてる,0,100,15,あく,変化,通常,166,0,0,0,1,1,0,1,0,0,0,
261,おにび,0,75,15,ほのお,変化,通常,167,0,0,0,1,1,0,1,0,0,0,
262,おきみやげ,0,100,10,あく,変化,通常,168,0,0,0,1,0,0,1,0,0,0,
263,からげんき,70,100,20,ノーマル,物理,通常,169,0,0,1,1,0,0,1,0,1,0,
264,きあいパンチ,150,100,20,かくとう,物理,通常,170,0,-3,1,1,0,0,0,0,0,1,
265,きつけ,60,100,10,ノーマル,物理,通常,171,0,0,1,1,0,0,1,0,0,0,
266,このゆびとまれ,0,0,20,ノーマル,変化,自分,172,0,3,0,0,0,0,0,0,0,0,
267,しぜんのちから,0,0,20,ノーマル,変化,不定,173,0,0,0,0,0,0,0,0,1,0,
268,じゅうでん,0,0,20,でんき,変化,自分,174,0,0,0,0,0,1,0,0,0,0,
269,ちょうはつ,0,100,20,あく,変化,通常,175,0,0,0,1,0,0,1,0,1,0,
270,てだすけ,0,0,20,ノーマル,変化,通常,176,0,5,0,0,0,0,0,0,0,0,
271,トリック,0,100,10,エスパー,変化,通常,177,0,0,0,1,0,0,1,0,0,0,
272,なりきり,0,0,10,エスパー,変化,通常,178,0,0,0,0,0,0,0,0,0,0,
273,ねがいごと,0,0,10,ノーマル,変化,自分,179,0,0,0,0,0,0,0,0,0,1,
274,ねこのて,0,0,20,ノーマル,変化,不定,180,0,0,0,0,0,0,0,0,0,0,
275,ねをはる,0,0,20,くさ,変化,自分,181,0,0,0,0,0,1,0,0,1,0,
276,ばかぢから,120,100,5,かくとう,物理,通常,182,0,0,1,1,0,0,1,0,0,1,
277,マジックコート,0,0,15,エスパー,変化,不定,183,0,4,0,0,0,0,0,0,0,0,
278,リサイクル,0,0,10,ノーマル,変化,自分,184,0,0,0,0,0,0,0,0,1,0,
279,リベンジ,60,100,10,かくとう,物理,通常,185,0,-4,1,1,0,0,1,1,0,0,
280,かわらわり,75,100,15,かくとう,物理,通常,186,0,0,1,1,0,0,1,1,0,0,
281,あくび,0,0,10,ノーマル,変化,通常,187,0,0,0,1,1,0,1,0,0,0,
282,はたきおとす,20,100,20,あく,物理,通常,188,0,0,1,1,0,0,1,0,0,0,
283,がむしゃら,1,100,5,ノーマル,物理,通常,189,0,0,1,1,0,0,1,1,1,0,
284,ふんか,150,100,5,ほのお,特殊,相手2体,190,0,0,0,1,0,0,1,1,0,0,
285,スキルスワップ,0,0,10,エスパー,変化,通常,191,0,0,0,1,0,0,1,0,0,0,
286,ふういん,0,0,10,エスパー,変化,自分,192,0,0,0,0,0,0,0,0,0,0,
287,リフレッシュ,0,0,20,ノーマル,変化,自分,193,0,0,0,0,0,1,0,0,0,0,
288,おんねん,0,0,5,ゴースト,変化,自分,194,0,0,0,0,0,0,0,0,0,0,
289,よこどり,0,0,10,あく,変化,不定,195,0,4,0,0,0,0,0,0,0,0,
290,ひみつのちから,70,100,20,ノーマル,物理,通常,197,30,0,0,1,0,0,1,0,0,0,
291,ダイビング,80,100,10,みず,物理,通常,255,0,0,1,1,0,0,1,1,0,0,
292,つっぱり,15,100,20,かくとう,物理,通常,29,0,0,1,1,0,0,1,1,1,0,
293,ほごしょく,0,0,20,ノーマル,変化,自分,213,0,0,0,0,0,1,0,0,1,0,
294,ほたるび,0,0,20,むし,変化,自分,53,0,0,0,0,0,1,0,0,0,0,
295,ラスターパージ,70,100,5,エスパー,特殊,通常,72,50,0,0,1,0,0,1,0,0,0,
296,ミストボール,70,100,5,エスパー,特殊,通常,71,50,0,0,1,0,0,1,0,0,1,
297,フェザーダンス,0,100,15,ひこう,変化,通常,58,0,0,0,1,1,0,1,0,0,0,
298,フラフラダンス,0,100,20,ノーマル,変化,自分以外,199,0,0,0,1,0,0,1,0,0,0,
299,ブレイズキック,85,90,10,ほのお,物理,通常,200,10,0,1,1,0,0,1,0,0,0,
300,どろあそび,0,0,15,じめん,変化,全体,201,0,0,0,0,0,0,0,0,0,0,
301,アイスボール,30,90,20,こおり,物理,通常,117,0,0,1,1,0,0,1,1,0,0,
302,ニードルアーム,60,100,15,くさ,物理,通常,31,30,0,1,1,0,0,1,0,0,0,
303,なまける,0,0,10,ノーマル,変化,自分,32,0,0,0,0,0,1,0,0,1,0,
304,ハイパーボイス,90,100,10,ノーマル,特殊,相手2体,0,0,0,0,1,0,0,1,0,0,0,
305,どくどくのキバ,50,100,15,どく,物理,通常,202,30,0,1,1,0,0,1,0,0,0,
306,ブレイククロー,75,95,10,ノーマル,物理,通常,69,50,0,1,1,0,0,1,0,0,0,
307,ブラストバーン,150,90,5,ほのお,特殊,通常,80,0,0,0,1,0,0,1,1,0,0,
308,ハイドロカノン,150,90,5,みず,特殊,通常,80,0,0,0,1,0,0,1,1,0,1,
309,コメットパンチ,100,85,10,はがね,物理,通常,139,20,0,1,1,0,0,1,1,0,0,
310,おどろかす,30,100,15,ゴースト,物理,通常,31,30,0,1,1,0,0,1,0,1,0,
311,ウェザーボール,50,100,10,ノーマル,特殊,通常,203,0,0,0,1,0,0,1,1,0,0,
312,アロマセラピー,0,0,5,くさ,変化,味方2体,102,0,0,0,0,0,1,0,0,0,0,
313,うそなき,0,100,20,あく,変化,通常,62,0,0,0,1,1,0,1,0,1,0,
314,エアカッター,55,95,25,ひこう,特殊,相手2体,43,0,0,0,1,0,0,1,1,0,0,
315,オーバーヒート,140,90,5,ほのお,特殊,通常,204,100,0,0,1,0,0,1,1,0,1,
316,かぎわける,0,0,40,ノーマル,変化,通常,113,0,0,0,1,0,0,1,0,1,0,
317,がんせきふうじ,50,80,10,いわ,物理,通常,70,100,0,0,1,0,0,1,0,0,0,
318,ぎんいろのかぜ,60,100,5,むし,特殊,通常,140,10,0,0,1,0,0,1,1,0,0,
319,きんぞくおん,0,85,40,はがね,変化,通常,62,0,0,0,1,1,0,1,0,0,0,
320,くさぶえ,0,55,15,くさ,変化,通常,1,0,0,0,1,1,0,1,0,0,0,
321,くすぐる,0,100,20,ノーマル,変化,通常,205,0,0,0,1,1,0,1,0,1,0,
322,コスモパワー,0,0,20,エスパー,変化,自分,206,0,0,0,0,0,1,0,0,0,1,
323,しおふき,150,100,5,みず,特殊,相手2体,190,0,0,0,1,0,0,1,0,0,0,
324,シグナルビーム,75,100,15,むし,特殊,通常,76,10,0,0,1,0,0,1,1,0,0,
325,シャドーパンチ,60,0,20,ゴースト,物理,通常,17,0,0,1,1,0,0,1,1,0,0,
326,じんつうりき,80,100,30,エスパー,特殊,通常,31,10,0,0,1,0,0,1,0,0,0,
327,スカイアッパー,85,90,15,かくとう,物理,通常,207,0,0,1,1,0,0,1,1,0,1,
328,すなじごく,15,70,15,じめん,物理,通常,42,0,0,0,1,0,0,1,1,0,0,
329,ぜったいれいど,1,30,5,こおり,特殊,通常,38,0,0,0,1,0,0,1,0,0,0,
330,だくりゅう,95,85,10,みず,特殊,相手2体,73,30,0,0,1,0,0,1,1,0,0,
331,タネマシンガン,10,100,30,くさ,物理,通常,29,0,0,0,1,0,0,1,1,1,0,
332,つばめがえし,60,0,20,ひこう,物理,通常,17,0,0,1,1,0,0,1,1,0,0,
333,つららばり,10,100,30,こおり,物理,通常,29,0,0,0,1,0,0,1,1,1,0,
334,てっぺき,0,0,15,はがね,変化,自分,51,0,0,0,0,0,1,0,0,1,0,
335,とおせんぼう,0,0,5,ノーマル,変化,通常,106,0,0,0,1,1,0,1,0,0,0,
336,とおぼえ,0,0,40,ノーマル,変化,自分,10,0,0,0,0,0,1,0,0,0,0,
337,ドラゴンクロー,80,100,15,ドラゴン,物理,通常,0,0,0,1,1,0,0,1,1,0,0,
338,ハードプラント,150,90,5,くさ,特殊,通常,80,0,0,0,1,0,0,1,1,0,1,
339,ビルドアップ,0,0,20,かくとう,変化,自分,208,0,0,0,0,0,1,0,0,1,0,
340,とびはねる,85,85,5,ひこう,物理,通常,263,30,0,1,1,0,0,1,1,0,0,
341,マッドショット,55,95,15,じめん,特殊,通常,70,100,0,0,1,0,0,1,1,0,0,
342,ポイズンテール,50,100,25,どく,物理,通常,209,10,0,1,1,0,0,1,1,0,0,
343,ほしがる,40,100,40,ノーマル,物理,通常,105,0,0,1,1,0,0,1,0,0,0,
344,ボルテッカー,120,100,15,でんき,物理,通常,262,10,0,1,1,0,0,1,1,0,1,
345,マジカルリーフ,60,0,20,くさ,特殊,通常,17,0,0,0,1,0,0,1,1,0,0,
346,みずあそび,0,0,15,みず,変化,全体,210,0,0,0,0,0,0,0,0,0,0,
347,めいそう,0,0,20,エスパー,変化,自分,211,0,0,0,0,0,1,0,0,0,0,
348,リーフブレード,90,100,15,くさ,物理,通常,43,0,0,1,1,0,0,1,1,0,0,
349,りゅうのまい,0,0,20,ドラゴン,変化,自分,212,0,0,0,0,0,1,0,0,0,0,
350,ロックブラスト,25,80,10,いわ,物理,通常,29,0,0,0,1,0,0,1,1,0,0,
351,でんげきは,60,0,20,でんき,特殊,通常,17,0,0,0,1,0,0,1,1,0,0,
352,みずのはどう,60,100,20,みず,特殊,通常,76,20,0,0,1,0,0,1,1,0,1,
353,はめつのねがい,120,85,5,はがね,特殊,通常,148,0,0,0,0,0,0,0,0,0,1,
354,サイコブースト,140,90,5,エスパー,特殊,通常,204,100,0,0,1,0,0,1,1,0,1,
355,はねやすめ,0,0,10,ひこう,変化,自分,214,0,0,0,0,0,1,0,0,1,0,
356,じゅうりょく,0,0,5,エスパー,変化,全体,215,0,0,0,0,0,0,0,0,0,0,
357,ミラクルアイ,0,0,40,エスパー,変化,通常,216,0,0,0,1,0,0,1,0,0,0,
358,めざましビンタ,60,100,10,かくとう,物理,通常,217,0,0,1,1,0,0,1,1,0,0,
359,アームハンマー,100,90,10,かくとう,物理,通常,218,0,0,1,1,0,0,1,1,0,0,
360,ジャイロボール,1,100,5,はがね,物理,通常,219,0,0,1,1,0,0,1,1,0,0,
361,いやしのねがい,0,0,10,エスパー,変化,自分,220,0,0,0,0,0,0,0,0,0,0,
362,しおみず,65,100,10,みず,特殊,通常,221,0,0,0,1,0,0,1,1,0,0,
363,しぜんのめぐみ,1,100,15,ノーマル,物理,通常,222,0,0,0,1,0,0,1,0,1,0,
364,フェイント,50,100,10,ノーマル,物理,通常,223,0,2,0,0,0,0,0,0,0,0,
365,ついばむ,60,100,20,ひこう,物理,通常,224,0,0,1,1,0,0,1,1,1,0,
366,おいかぜ,0,0,30,ひこう,変化,味方2体,225,0,0,0,0,0,1,0,0,0,0,
367,つぼをつく,0,0,30,ノーマル,変化,通常,226,0,0,0,0,0,1,0,0,1,0,
368,メタルバースト,1,100,10,はがね,物理,不定,227,0,0,0,0,0,0,1,0,0,0,
369,とんぼがえり,70,100,20,むし,物理,通常,228,0,0,1,1,0,0,1,1,0,0,
370,インファイト,120,100,5,かくとう,物理,通常,229,0,0,1,1,0,0,1,1,0,1,
371,しっぺがえし,50,100,10,あく,物理,通常,230,0,0,1,1,0,0,1,1,0,0,
372,ダメおし,50,100,10,あく,物理,通常,231,0,0,1,1,0,0,1,1,0,0,
373,さしおさえ,0,100,15,あく,変化,通常,232,0,0,0,1,0,0,1,0,0,0,
374,なげつける,1,100,10,あく,物理,通常,233,0,0,0,1,0,0,1,0,0,0,
375,サイコシフト,0,90,10,エスパー,変化,通常,234,0,0,0,1,0,0,1,0,0,0,
376,きりふだ,1,0,5,ノーマル,特殊,通常,235,0,0,1,1,0,0,1,1,0,0,
377,かいふくふうじ,0,100,15,エスパー,変化,相手2体,236,0,0,0,1,0,0,1,0,0,0,
378,しぼりとる,1,100,5,ノーマル,特殊,通常,237,0,0,1,1,0,0,1,1,0,0,
379,パワートリック,0,0,10,エスパー,変化,自分,238,0,0,0,0,0,0,0,0,1,0,
380,いえき,0,100,10,どく,変化,通常,239,0,0,0,1,1,0,1,0,0,0,
381,おまじない,0,0,30,ノーマル,変化,味方2体,240,0,0,0,0,0,0,0,0,1,0,
382,さきどり,0,0,20,ノーマル,変化,通常,241,0,0,0,1,0,0,0,0,0,0,
383,まねっこ,0,0,20,ノーマル,変化,不定,242,0,0,0,0,0,0,0,0,0,0,
384,パワースワップ,0,0,10,エスパー,変化,通常,243,0,0,0,1,0,0,1,0,0,0,
385,ガードスワップ,0,0,10,エスパー,変化,通常,244,0,0,0,1,0,0,1,0,0,0,
386,おしおき,1,100,5,あく,物理,通常,245,0,0,1,1,0,0,1,1,1,0,
387,とっておき,130,100,5,ノーマル,物理,通常,246,0,0,1,1,0,0,1,1,0,0,
388,なやみのタネ,0,100,10,くさ,変化,通常,247,0,0,0,1,1,0,1,0,0,0,
389,ふいうち,80,100,5,あく,物理,通常,248,0,1,1,1,0,0,1,1,1,0,
390,どくびし,0,0,20,どく,変化,相手の場,249,0,0,0,0,0,0,0,0,1,0,
391,ハートスワップ,0,0,10,エスパー,変化,通常,250,0,0,0,1,0,0,1,0,0,0,
392,アクアリング,0,0,20,みず,変化,自分,251,0,0,0,0,0,0,0,0,0,0,
393,でんじふゆう,0,0,10,でんき,変化,自分,252,0,0,0,0,0,0,0,0,0,0,
394,フレアドライブ,120,100,15,ほのお,物理,通常,253,10,0,1,1,0,0,1,0,0,1,
395,はっけい,60,100,10,かくとう,物理,通常,6,30,0,1,1,0,0,1,1,0,0,
396,はどうだん,90,0,20,かくとう,特殊,通常,17,0,0,0,1,0,0,1,1,0,1,
397,ロックカット,0,0,20,いわ,変化,自分,52,0,0,0,0,0,1,0,0,0,0,
398,どくづき,80,100,20,どく,物理,通常,2,30,0,1,1,0,0,1,1,0,0,
399,あくのはどう,80,100,15,あく,特殊,通常,31,20,0,0,1,0,0,1,1,0,0,
400,つじぎり,70,100,15,あく,物理,通常,43,0,0,1,1,0,0,1,1,0,0,
401,アクアテール,90,90,10,みず,物理,通常,0,0,0,1,1,0,0,1,1,0,0,
402,タネばくだん,80,100,15,くさ,物理,通常,0,0,0,0,1,0,0,1,1,0,0,
403,エアスラッシュ,75,95,20,ひこう,特殊,通常,31,30,0,0,1,0,0,1,1,0,0,
404,シザークロス,80,100,15,むし,物理,通常,0,0,0,1,1,0,0,1,1,0,0,
405,むしのさざめき,90,100,10,むし,特殊,通常,72,10,0,0,1,0,0,1,0,0,0,
406,りゅうのはどう,90,100,10,ドラゴン,特殊,通常,0,0,0,0,1,0,0,1,1,0,0,
407,ドラゴンダイブ,100,75,10,ドラゴン,物理,通常,31,20,0,1,1,0,0,1,1,0,0,
408,パワージェム,70,100,20,いわ,特殊,通常,0,0,0,0,1,0,0,1,1,0,0,
409,ドレインパンチ,60,100,5,かくとう,物理,通常,3,0,0,1,1,0,0,1,1,0,0,
410,しんくうは,40,100,30,かくとう,特殊,通常,103,0,1,0,1,0,0,1,1,0,0,
411,きあいだま,120,70,5,かくとう,特殊,通常,72,10,0,0,1,0,0,1,0,0,1,
412,エナジーボール,80,100,10,くさ,特殊,通常,72,10,0,0,1,0,0,1,0,0,0,
413,ブレイブバード,120,100,15,ひこう,物理,通常,198,0,0,1,1,0,0,1,1,0,1,
414,だいちのちから,90,100,10,じめん,特殊,通常,72,10,0,0,1,0,0,1,1,0,0,
415,すりかえ,0,100,10,あく,変化,通常,177,0,0,0,1,0,0,1,0,0,0,
416,ギガインパクト,150,90,5,ノーマル,物理,通常,80,0,0,1,1,0,0,1,1,0,1,
417,わるだくみ,0,0,20,あく,変化,自分,53,0,0,0,0,0,1,0,0,1,0,
418,バレットパンチ,40,100,30,はがね,物理,通常,103,0,1,1,1,0,0,1,1,1,0,
419,ゆきなだれ,60,100,10,こおり,物理,通常,185,0,-4,1,1,0,0,1,1,0,0,
420,こおりのつぶて,40,100,30,こおり,物理,通常,103,0,1,0,1,0,0,1,1,0,0,
421,シャドークロー,70,100,15,ゴースト,物理,通常,43,0,0,1,1,0,0,1,1,1,0,
422,かみなりのキバ,65,95,15,でんき,物理,通常,275,10,0,1,1,0,0,1,1,0,0,
423,こおりのキバ,65,95,15,こおり,物理,通常,274,10,0,1,1,0,0,1,1,0,0,
424,ほのおのキバ,65,95,15,ほのお,物理,通常,273,10,0,1,1,0,0,1,1,0,0,
425,かげうち,40,100,30,ゴースト,物理,通常,103,0,1,1,1,0,0,1,1,0,0,
426,どろばくだん,65,85,10,じめん,特殊,通常,73,30,0,0,1,0,0,1,1,0,0,
427,サイコカッター,70,100,20,エスパー,物理,通常,43,0,0,0,1,0,0,1,1,0,0,
428,しねんのずつき,80,90,15,エスパー,物理,通常,31,20,0,1,1,0,0,1,1,0,0,
429,ミラーショット,65,85,10,はがね,特殊,通常,73,30,0,0,1,0,0,1,1,0,0,
430,ラスターカノン,80,100,10,はがね,特殊,通常,72,10,0,0,1,0,0,1,1,0,0,
431,ロッククライム,90,85,20,ノーマル,物理,通常,76,20,0,1,1,0,0,1,1,0,0,
432,きりばらい,0,0,15,ひこう,変化,通常,258,0,0,0,1,0,0,1,0,0,0,
433,トリックルーム,0,0,5,エスパー,変化,全体,259,0,-7,0,0,0,0,1,0,0,0,
434,りゅうせいぐん,140,90,5,ドラゴン,特殊,通常,204,100,0,0,1,0,0,1,1,0,0,
435,ほうでん,80,100,15,でんき,特殊,自分以外,6,30,0,0,1,0,0,1,1,0,0,
436,ふんえん,80,100,15,ほのお,特殊,自分以外,4,30,0,0,1,0,0,1,1,0,0,
437,リーフストーム,140,90,5,くさ,特殊,通常,204,100,0,0,1,0,0,1,1,0,1,
438,パワーウィップ,120,85,10,くさ,物理,通常,0,0,0,1,1,0,0,1,1,0,1,
439,がんせきほう,150,90,5,いわ,物理,通常,80,0,0,0,1,0,0,1,1,0,1,
440,クロスポイズン,70,100,20,どく,物理,通常,209,10,0,1,1,0,0,1,1,0,0,
441,ダストシュート,120,70,5,どく,物理,通常,2,30,0,0,1,0,0,1,1,0,1,
442,アイアンヘッド,80,100,15,はがね,物理,通常,31,30,0,1,1,0,0,1,1,0,0,
443,マグネットボム,60,0,20,はがね,物理,通常,17,0,0,0,1,0,0,1,1,0,0,
444,ストーンエッジ,100,80,5,いわ,物理,通常,43,0,0,0,1,0,0,1,1,0,0,
445,ゆうわく,0,100,20,ノーマル,変化,相手2体,265,0,0,0,1,1,0,1,0,1,0,
446,ステルスロック,0,0,20,いわ,変化,相手の場,266,0,0,0,0,0,0,0,0,0,0,
447,くさむすび,1,100,20,くさ,特殊,通常,196,0,0,1,1,0,0,1,1,1,0,
448,おしゃべり,60,100,20,ひこう,特殊,通常,267,0,0,0,1,0,0,0,0,1,0,
449,さばきのつぶて,100,100,10,ノーマル,特殊,通常,268,0,0,0,1,0,0,1,1,0,0,
450,むしくい,60,100,20,むし,物理,通常,224,0,0,1,1,0,0,1,1,1,0,
451,チャージビーム,50,90,10,でんき,特殊,通常,276,70,0,0,1,0,0,1,1,0,0,
452,ウッドハンマー,120,100,15,くさ,物理,通常,198,0,0,1,1,0,0,1,1,0,0,
453,アクアジェット,40,100,20,みず,物理,通常,103,0,1,1,1,0,0,1,1,0,0,
454,こうげきしれい,90,100,15,むし,物理,通常,43,0,0,0,1,0,0,1,1,0,0,
455,ぼうぎょしれい,0,0,10,むし,変化,自分,206,0,0,0,0,0,1,0,0,0,0,
456,かいふくしれい,0,0,10,むし,変化,自分,32,0,0,0,0,0,1,0,0,0,0,
457,もろはのずつき,150,80,5,いわ,物理,通常,269,0,0,1,1,0,0,1,1,0,1,
458,ダブルアタック,35,90,10,ノーマル,物理,通常,44,0,0,1,1,0,0,1,1,0,0,
459,ときのほうこう,150,90,5,ドラゴン,特殊,通常,80,0,0,0,1,0,0,1,1,0,0,
460,あくうせつだん,100,95,5,ドラゴン,特殊,通常,43,0,0,0,1,0,0,1,1,0,1,
461,みかづきのまい,0,0,10,エスパー,変化,自分,270,0,0,0,0,0,0,0,0,0,1,
462,にぎりつぶす,1,100,5,ノーマル,物理,通常,237,0,0,1,1,0,0,1,1,0,0,
463,マグマストーム,120,70,5,ほのお,特殊,通常,42,0,0,0,1,0,0,1,1,0,1,
464,ダークホール,0,80,10,あく,変化,相手2体,1,0,0,0,1,1,0,1,0,0,1,
465,シードフレア,120,85,5,くさ,特殊,通常,271,40,0,0,1,0,0,1,1,0,1,
466,あやしいかぜ,60,100,5,ゴースト,特殊,通常,140,10,0,0,1,0,0,1,1,0,0,
467,シャドーダイブ,120,100,5,ゴースト,物理,通常,272,0,0,1,0,0,0,1,1,0,0,
